name,type,quantity,dateTaken,notes
דופיקר,Pill,1.5,Fri Mar 01 2025 20:05:19 GMT+0200 (שעון ישראל (חורף)),לאחר אוכל
דופיקר 250,Pill,0.5,Sat Mar 02 2025 19:31:31 GMT+0200 (שעון ישראל (חורף)),לאחר אוכל
דופיקר 175,Pill,0.5,Sat Mar 02 2025 06:10:53 GMT+0200 (שעון ישראל (חורף)),בבוקר
דופיקר 175,Pill,1.5,Sun Mar 03 2025 08:46:31 GMT+0200 (שעון ישראל (חורף)),שכחתי לקחת
"אזילקט 1 מ""ג",Pill,1,Mon Mar 04 2025 12:49:58 GMT+0200 (שעון ישראל (חורף)),בבוקר
דופיקר 125,Pill,2,Tue Mar 05 2025 07:30:49 GMT+0200 (שעון ישראל (חורף)),לאחר אוכל
"דופיקאר 250 מ""ג",Pill,1.5,Tue Mar 05 2025 08:50:08 GMT+0200 (שעון ישראל (חורף)),בבוקר
דופיקר 250,Pill,1.5,Wed Mar 06 2025 10:55:14 GMT+0200 (שעון ישראל (חורף)),לפני השינה
סינמט,Pill,0.5,Thu Mar 07 2025 10:59:16 GMT+0200 (שעון ישראל (חורף)),בבוקר
"אזילקט 1 מ""ג",Pill,2,Thu Mar 07 2025 09:25:26 GMT+0200 (שעון ישראל (חורף)),בבוקר
"אזילקט 1 מ""ג",Pill,1,Fri Mar 08 2025 09:40:58 GMT+0200 (שעון ישראל (חורף)),בבוקר
דופיקר,Pill,1,Fri Mar 08 2025 08:53:06 GMT+0200 (שעון ישראל (חורף)),שכחתי לקחת
"אזילקט 1 מ""ג",Pill,1.5,Sat Mar 09 2025 18:04:23 GMT+0200 (שעון ישראל (חורף)),בבוקר
דופיקר 125,Pill,1.5,Sat Mar 09 2025 06:15:21 GMT+0200 (שעון ישראל (חורף)),בבוקר
דופיקר,Pill,1.5,Sun Mar 10 2025 11:28:06 GMT+0200 (שעון ישראל (חורף)),שכחתי לקחת
דופיקר 250,Pill,0.5,Mon Mar 11 2025 10:20:05 GMT+0200 (שעון ישראל (חורף)),בבוקר
"דופיקאר 250 מ""ג",Pill,0.5,Mon Mar 11 2025 20:11:22 GMT+0200 (שעון ישראל (חורף)),
אזילקט,Pill,0.5,Tue Mar 12 2025 17:36:53 GMT+0200 (שעון ישראל (חורף)),בבוקר
"דופיקאר 250 מ""ג",Pill,1,Wed Mar 13 2025 13:24:44 GMT+0200 (שעון ישראל (חורף)),לאחר אוכל
דופיקר 125,Pill,0.5,Thu Mar 14 2025 19:19:12 GMT+0200 (שעון ישראל (חורף)),
דופיקר 125,Pill,2,Thu Mar 14 2025 11:41:27 GMT+0200 (שעון ישראל (חורף)),בבוקר
"אזילקט 1 מ""ג",Pill,0.5,Fri Mar 15 2025 07:10:07 GMT+0200 (שעון ישראל (חורף)),לאחר אוכל
דופיקר 125,Pill,0.5,Fri Mar 15 2025 18:50:55 GMT+0200 (שעון ישראל (חורף)),בבוקר
דופיקר 125,Pill,0.5,Fri Mar 15 2025 06:45:56 GMT+0200 (שעון ישראל (חורף)),בבוקר
דופיקר 125,Pill,1.5,Sat Mar 16 2025 19:42:40 GMT+0200 (שעון ישראל (חורף)),שכחתי לקחת
"דופיקאר 250 מ""ג",Pill,1.5,Sat Mar 16 2025 21:17:40 GMT+0200 (שעון ישראל (חורף)),לפני השינה
"דופיקאר 250 מ""ג",Pill,0.5,Sun Mar 17 2025 20:01:05 GMT+0200 (שעון ישראל (חורף)),שכחתי לקחת
סינמט,Pill,0.5,Mon Mar 18 2025 13:24:44 GMT+0200 (שעון ישראל (חורף)),שכחתי לקחת
דופיקר,Pill,1,Mon Mar 18 2025 07:03:54 GMT+0200 (שעון ישראל (חורף)),
"דופיקאר 250 מ""ג",Pill,0.5,Mon Mar 18 2025 07:30:49 GMT+0200 (שעון ישראל (חורף)),
סינמט,Pill,0.5,Tue Mar 19 2025 07:15:28 GMT+0200 (שעון ישראל (חורף)),לפני השינה
דופיקר 250,Pill,2,Wed Mar 20 2025 12:38:31 GMT+0200 (שעון ישראל (חורף)),לפני השינה
"אזילקט 1 מ""ג",Pill,2,Wed Mar 20 2025 14:00:34 GMT+0200 (שעון ישראל (חורף)),בבוקר
דופיקר 125,Pill,1.5,Thu Mar 21 2025 07:29:44 GMT+0200 (שעון ישראל (חורף)),
"דופיקאר 250 מ""ג",Pill,1,Thu Mar 21 2025 19:03:07 GMT+0200 (שעון ישראל (חורף)),שכחתי לקחת
דופיקר 250,Pill,2,Thu Mar 21 2025 15:05:14 GMT+0200 (שעון ישראל (חורף)),שכחתי לקחת
דופיקר 125,Pill,0.5,Fri Mar 22 2025 19:37:47 GMT+0200 (שעון ישראל (חורף)),שכחתי לקחת
סינמט,Pill,2,Fri Mar 22 2025 18:00:24 GMT+0200 (שעון ישראל (חורף)),לפני השינה
"אזילקט 1 מ""ג",Pill,1.5,Sat Mar 23 2025 16:36:54 GMT+0200 (שעון ישראל (חורף)),לאחר אוכל
דופיקר,Pill,2,Sun Mar 24 2025 16:53:43 GMT+0200 (שעון ישראל (חורף)),לאחר אוכל
אזילקט,Pill,1,Sun Mar 24 2025 10:55:08 GMT+0200 (שעון ישראל (חורף)),
דופיקר 125,Pill,1.5,Mon Mar 25 2025 07:45:29 GMT+0200 (שעון ישראל (חורף)),
דופיקר,Pill,0.5,Tue Mar 26 2025 17:47:58 GMT+0200 (שעון ישראל (חורף)),שכחתי לקחת
אזילקט,Pill,2,Wed Mar 27 2025 14:09:39 GMT+0200 (שעון ישראל (חורף)),בבוקר
דופיקר 250,Pill,2,Wed Mar 27 2025 18:50:52 GMT+0200 (שעון ישראל (חורף)),לאחר אוכל
דופיקר 250,Pill,1.5,Thu Mar 28 2025 19:00:16 GMT+0200 (שעון ישראל (חורף)),שכחתי לקחת
"אזילקט 1 מ""ג",Pill,0.5,Thu Mar 28 2025 10:30:57 GMT+0200 (שעון ישראל (חורף)),שכחתי לקחת
דופיקר 125,Pill,1.5,Fri Mar 29 2025 09:05:34 GMT+0200 (שעון ישראל (חורף)),בבוקר
סינמט,Pill,2,Fri Mar 29 2025 11:10:51 GMT+0200 (שעון ישראל (חורף)),שכחתי לקחת
דופיקר 250,Pill,0.5,Sat Mar 30 2025 10:14:58 GMT+0200 (שעון ישראל (חורף)),לפני השינה
דופיקר 250,Pill,1.5,Sat Mar 30 2025 10:59:16 GMT+0200 (שעון ישראל (חורף)),שכחתי לקחת
דופיקר 125,Pill,2,Sat Mar 30 2025 19:46:18 GMT+0200 (שעון ישראל (חורף)),שכחתי לקחת
אזילקט,Pill,1,Sun Mar 31 2025 16:00:00 GMT+0200 (שעון ישראל (חורף)),לאחר אוכל
סינמט,Pill,1.5,Mon Apr 01 2025 15:02:46 GMT+0200 (שעון ישראל (חורף)),לאחר אוכל
סינמט,Pill,0.5,Mon Apr 01 2025 11:08:49 GMT+0200 (שעון ישראל (חורף)),בבוקר
"אזילקט 1 מ""ג",Pill,1,Mon Apr 01 2025 16:19:57 GMT+0200 (שעון ישראל (חורף)),שכחתי לקחת
"אזילקט 1 מ""ג",Pill,2,Tue Apr 02 2025 14:51:27 GMT+0200 (שעון ישראל (חורף)),
דופיקר 125,Pill,1,Wed Apr 03 2025 08:15:25 GMT+0200 (שעון ישראל (חורף)),
"דופיקאר 250 מ""ג",Pill,0.5,Wed Apr 03 2025 08:36:10 GMT+0200 (שעון ישראל (חורף)),שכחתי לקחת
"דופיקאר 250 מ""ג",Pill,1.5,Wed Apr 03 2025 17:36:53 GMT+0200 (שעון ישראל (חורף)),
סינמט,Pill,2,Thu Apr 04 2025 08:30:52 GMT+0200 (שעון ישראל (חורף)),בבוקר
דופיקר 175,Pill,2,Thu Apr 04 2025 09:25:05 GMT+0200 (שעון ישראל (חורף)),לאחר אוכל
דופיקר 125,Pill,2,Thu Apr 04 2025 10:16:16 GMT+0200 (שעון ישראל (חורף)),בבוקר
סינמט,Pill,1,Fri Apr 05 2025 12:24:50 GMT+0200 (שעון ישראל (חורף)),שכחתי לקחת
דופיקר 125,Pill,1.5,Sat Apr 06 2025 15:15:03 GMT+0200 (שעון ישראל (חורף)),
"אזילקט 1 מ""ג",Pill,1.5,Sun Apr 07 2025 15:30:01 GMT+0200 (שעון ישראל (חורף)),שכחתי לקחת
דופיקר 125,Pill,1.5,Sun Apr 07 2025 07:15:33 GMT+0200 (שעון ישראל (חורף)),לאחר אוכל
"דופיקאר 250 מ""ג",Pill,2,Mon Apr 08 2025 07:00:48 GMT+0200 (שעון ישראל (חורף)),לפני השינה
אזילקט,Pill,1.5,Mon Apr 08 2025 13:40:26 GMT+0200 (שעון ישראל (חורף)),שכחתי לקחת
"דופיקאר 250 מ""ג",Pill,2,Mon Apr 08 2025 16:42:50 GMT+0200 (שעון ישראל (חורף)),לפני השינה
"אזילקט 1 מ""ג",Pill,1.5,Tue Apr 09 2025 17:35:44 GMT+0200 (שעון ישראל (חורף)),לאחר אוכל
"דופיקאר 250 מ""ג",Pill,1,Tue Apr 09 2025 07:06:22 GMT+0200 (שעון ישראל (חורף)),לפני השינה
דופיקר 250,Pill,1.5,Tue Apr 09 2025 17:48:08 GMT+0200 (שעון ישראל (חורף)),
דופיקר 125,Pill,1.5,Wed Apr 10 2025 10:29:14 GMT+0200 (שעון ישראל (חורף)),לאחר אוכל
דופיקר 125,Pill,1,Wed Apr 10 2025 18:30:08 GMT+0200 (שעון ישראל (חורף)),לפני השינה
"דופיקאר 250 מ""ג",Pill,2,Thu Apr 11 2025 17:55:27 GMT+0200 (שעון ישראל (חורף)),לפני השינה
דופיקר 125,Pill,1,Fri Apr 12 2025 09:30:02 GMT+0200 (שעון ישראל (חורף)),לפני השינה
"אזילקט 1 מ""ג",Pill,1.5,Sat Apr 13 2025 13:49:33 GMT+0200 (שעון ישראל (חורף)),בבוקר
"אזילקט 1 מ""ג",Pill,1.5,Sat Apr 13 2025 15:12:11 GMT+0200 (שעון ישראל (חורף)),בבוקר
דופיקר 125,Pill,1.5,Sun Apr 14 2025 10:24:32 GMT+0200 (שעון ישראל (חורף)),שכחתי לקחת
דופיקר,Pill,2,Sun Apr 14 2025 09:33:58 GMT+0200 (שעון ישראל (חורף)),לפני השינה
דופיקר 175,Pill,2,Mon Apr 15 2025 19:15:33 GMT+0200 (שעון ישראל (חורף)),לאחר אוכל
דופיקר 175,Pill,1,Mon Apr 15 2025 16:01:59 GMT+0200 (שעון ישראל (חורף)),שכחתי לקחת
אזילקט,Pill,1.5,Mon Apr 15 2025 15:32:01 GMT+0200 (שעון ישראל (חורף)),לפני השינה
דופיקר 125,Pill,1,Tue Apr 16 2025 07:51:59 GMT+0200 (שעון ישראל (חורף)),לפני השינה
"דופיקאר 250 מ""ג",Pill,2,Tue Apr 16 2025 15:30:01 GMT+0200 (שעון ישראל (חורף)),
"דופיקאר 250 מ""ג",Pill,0.5,Wed Apr 17 2025 07:54:46 GMT+0200 (שעון ישראל (חורף)),
סינמט,Pill,1.5,Wed Apr 17 2025 15:44:15 GMT+0200 (שעון ישראל (חורף)),בבוקר
אזילקט,Pill,1.5,Wed Apr 17 2025 14:00:34 GMT+0200 (שעון ישראל (חורף)),בבוקר
דופיקר,Pill,0.5,Thu Apr 18 2025 16:46:53 GMT+0200 (שעון ישראל (חורף)),לאחר אוכל
"דופיקאר 250 מ""ג",Pill,0.5,Thu Apr 18 2025 10:10:22 GMT+0200 (שעון ישראל (חורף)),לאחר אוכל
דופיקר,Pill,0.5,Thu Apr 18 2025 06:50:44 GMT+0200 (שעון ישראל (חורף)),בבוקר
סינמט,Pill,1.5,Fri Apr 19 2025 11:07:41 GMT+0200 (שעון ישראל (חורף)),
דופיקר 125,Pill,2,Sat Apr 20 2025 22:34:32 GMT+0200 (שעון ישראל (חורף)),לאחר אוכל
דופיקר 250,Pill,1,Sat Apr 20 2025 08:14:42 GMT+0200 (שעון ישראל (חורף)),שכחתי לקחת
סינמט,Pill,1.5,Sun Apr 21 2025 10:55:08 GMT+0200 (שעון ישראל (חורף)),לפני השינה
דופיקר,Pill,1,Sun Apr 21 2025 15:49:05 GMT+0200 (שעון ישראל (חורף)),לאחר אוכל
"דופיקאר 250 מ""ג",Pill,1,Sun Apr 21 2025 09:15:41 GMT+0200 (שעון ישראל (חורף)),לפני השינה
"אזילקט 1 מ""ג",Pill,0.5,Mon Apr 22 2025 15:41:26 GMT+0200 (שעון ישראל (חורף)),שכחתי לקחת
אזילקט,Pill,2,Mon Apr 22 2025 15:40:53 GMT+0200 (שעון ישראל (חורף)),שכחתי לקחת
דופיקר 250,Pill,2,Tue Apr 23 2025 18:43:41 GMT+0200 (שעון ישראל (חורף)),לאחר אוכל
אזילקט,Pill,2,Tue Apr 23 2025 17:43:39 GMT+0200 (שעון ישראל (חורף)),
דופיקר 175,Pill,2,Wed Apr 24 2025 12:24:16 GMT+0200 (שעון ישראל (חורף)),לאחר אוכל
דופיקר 175,Pill,2,Thu Apr 25 2025 15:44:57 GMT+0200 (שעון ישראל (חורף)),בבוקר
דופיקר 250,Pill,1.5,Thu Apr 25 2025 09:30:49 GMT+0200 (שעון ישראל (חורף)),בבוקר
דופיקר 175,Pill,1,Fri Apr 26 2025 15:45:31 GMT+0200 (שעון ישראל (חורף)),בבוקר
סינמט,Pill,0.5,Fri Apr 26 2025 11:00:55 GMT+0200 (שעון ישראל (חורף)),שכחתי לקחת
"דופיקאר 250 מ""ג",Pill,1,Fri Apr 26 2025 18:45:31 GMT+0200 (שעון ישראל (חורף)),לפני השינה
"אזילקט 1 מ""ג",Pill,2,Sat Apr 27 2025 10:15:34 GMT+0200 (שעון ישראל (חורף)),בבוקר
דופיקר,Pill,2,Sun Apr 28 2025 07:06:15 GMT+0200 (שעון ישראל (חורף)),בבוקר
דופיקר,Pill,0.5,Sun Apr 28 2025 19:46:18 GMT+0200 (שעון ישראל (חורף)),לפני השינה
אזילקט,Pill,0.5,Mon Apr 29 2025 07:15:29 GMT+0200 (שעון ישראל (חורף)),לפני השינה
"דופיקאר 250 מ""ג",Pill,1.5,Mon Apr 29 2025 13:24:42 GMT+0200 (שעון ישראל (חורף)),שכחתי לקחת
דופיקר 175,Pill,1,Mon Apr 29 2025 07:06:22 GMT+0200 (שעון ישראל (חורף)),שכחתי לקחת
אזילקט,Pill,0.5,Tue Apr 30 2025 11:41:27 GMT+0200 (שעון ישראל (חורף)),לאחר אוכל
אזילקט,Pill,2,Tue Apr 30 2025 12:07:37 GMT+0200 (שעון ישראל (חורף)),לפני השינה
אזילקט,Pill,1.5,Tue Apr 30 2025 16:46:53 GMT+0200 (שעון ישראל (חורף)),לפני השינה
"אזילקט 1 מ""ג",Pill,1.5,Wed May 01 2025 19:45:25 GMT+0200 (שעון ישראל (חורף)),לאחר אוכל
דופיקר 125,Pill,1.5,Wed May 01 2025 18:04:23 GMT+0200 (שעון ישראל (חורף)),בבוקר
"אזילקט 1 מ""ג",Pill,2,Wed May 01 2025 10:04:11 GMT+0200 (שעון ישראל (חורף)),
דופיקר 250,Pill,1.5,Thu May 02 2025 08:34:20 GMT+0200 (שעון ישראל (חורף)),בבוקר
דופיקר 250,Pill,0.5,Fri May 03 2025 19:32:24 GMT+0200 (שעון ישראל (חורף)),שכחתי לקחת
דופיקר 125,Pill,1.5,Sat May 04 2025 20:06:00 GMT+0200 (שעון ישראל (חורף)),
דופיקר,Pill,2,Sat May 04 2025 15:05:14 GMT+0200 (שעון ישראל (חורף)),לפני השינה
סינמט,Pill,1,Sun May 05 2025 14:02:31 GMT+0200 (שעון ישראל (חורף)),שכחתי לקחת
"דופיקאר 250 מ""ג",Pill,0.5,Sun May 05 2025 13:45:57 GMT+0200 (שעון ישראל (חורף)),
דופיקר,Pill,2,Sun May 05 2025 20:52:26 GMT+0200 (שעון ישראל (חורף)),לפני השינה
"אזילקט 1 מ""ג",Pill,2,Mon May 06 2025 10:00:24 GMT+0200 (שעון ישראל (חורף)),שכחתי לקחת
דופיקר,Pill,1.5,Tue May 07 2025 11:35:27 GMT+0200 (שעון ישראל (חורף)),
דופיקר 125,Pill,1,Tue May 07 2025 08:30:46 GMT+0200 (שעון ישראל (חורף)),שכחתי לקחת
דופיקר 250,Pill,0.5,Wed May 08 2025 09:33:58 GMT+0200 (שעון ישראל (חורף)),לאחר אוכל
דופיקר 250,Pill,1,Wed May 08 2025 07:10:07 GMT+0200 (שעון ישראל (חורף)),לאחר אוכל
דופיקר 125,Pill,2,Wed May 08 2025 19:15:19 GMT+0200 (שעון ישראל (חורף)),
סינמט,Pill,1,Thu May 09 2025 20:47:13 GMT+0200 (שעון ישראל (חורף)),בבוקר
דופיקר 250,Pill,1,Fri May 10 2025 15:45:22 GMT+0200 (שעון ישראל (חורף)),בבוקר
אזילקט,Pill,2,Fri May 10 2025 19:50:54 GMT+0200 (שעון ישראל (חורף)),שכחתי לקחת
דופיקר 125,Pill,0.5,Fri May 10 2025 08:01:36 GMT+0200 (שעון ישראל (חורף)),לאחר אוכל
דופיקר,Pill,0.5,Sat May 11 2025 17:30:42 GMT+0200 (שעון ישראל (חורף)),שכחתי לקחת
דופיקר 125,Pill,2,Sat May 11 2025 18:07:25 GMT+0200 (שעון ישראל (חורף)),שכחתי לקחת
דופיקר 175,Pill,0.5,Sun May 12 2025 13:22:10 GMT+0200 (שעון ישראל (חורף)),שכחתי לקחת
סינמט,Pill,1,Sun May 12 2025 15:45:54 GMT+0200 (שעון ישראל (חורף)),שכחתי לקחת
דופיקר 175,Pill,2,Mon May 13 2025 12:24:50 GMT+0200 (שעון ישראל (חורף)),שכחתי לקחת
אזילקט,Pill,2,Mon May 13 2025 14:20:59 GMT+0200 (שעון ישראל (חורף)),בבוקר
אזילקט,Pill,1.5,Mon May 13 2025 07:54:46 GMT+0200 (שעון ישראל (חורף)),
דופיקר 250,Pill,2,Tue May 14 2025 10:55:24 GMT+0200 (שעון ישראל (חורף)),
דופיקר,Pill,0.5,Wed May 15 2025 11:00:15 GMT+0200 (שעון ישראל (חורף)),שכחתי לקחת
"אזילקט 1 מ""ג",Pill,2,Thu May 16 2025 12:05:31 GMT+0200 (שעון ישראל (חורף)),
דופיקר 175,Pill,1,Thu May 16 2025 17:40:41 GMT+0200 (שעון ישראל (חורף)),לאחר אוכל
דופיקר,Pill,1,Thu May 16 2025 08:50:08 GMT+0200 (שעון ישראל (חורף)),
"אזילקט 1 מ""ג",Pill,2,Fri May 17 2025 09:08:25 GMT+0200 (שעון ישראל (חורף)),לפני השינה
"דופיקאר 250 מ""ג",Pill,1.5,Fri May 17 2025 10:01:23 GMT+0200 (שעון ישראל (חורף)),לפני השינה
דופיקר 125,Pill,2,Fri May 17 2025 10:30:47 GMT+0200 (שעון ישראל (חורף)),
דופיקר 125,Pill,2,Sat May 18 2025 08:31:32 GMT+0200 (שעון ישראל (חורף)),
"אזילקט 1 מ""ג",Pill,0.5,Sat May 18 2025 14:21:34 GMT+0200 (שעון ישראל (חורף)),
דופיקר,Pill,2,Sat May 18 2025 17:38:24 GMT+0200 (שעון ישראל (חורף)),
סינמט,Pill,1,Sun May 19 2025 15:01:21 GMT+0200 (שעון ישראל (חורף)),לאחר אוכל
דופיקר,Pill,1.5,Sun May 19 2025 16:53:43 GMT+0200 (שעון ישראל (חורף)),בבוקר
אזילקט,Pill,0.5,Mon May 20 2025 13:22:10 GMT+0200 (שעון ישראל (חורף)),לאחר אוכל
אזילקט,Pill,0.5,Mon May 20 2025 20:07:17 GMT+0200 (שעון ישראל (חורף)),בבוקר
דופיקר,Pill,1,Mon May 20 2025 13:34:46 GMT+0200 (שעון ישראל (חורף)),לפני השינה
אזילקט,Pill,1,Tue May 21 2025 18:13:22 GMT+0200 (שעון ישראל (חורף)),בבוקר
דופיקר 250,Pill,1.5,Tue May 21 2025 20:11:22 GMT+0200 (שעון ישראל (חורף)),
דופיקר 250,Pill,1,Tue May 21 2025 13:49:33 GMT+0200 (שעון ישראל (חורף)),
דופיקר 250,Pill,0.5,Wed May 22 2025 13:05:56 GMT+0200 (שעון ישראל (חורף)),
דופיקר 125,Pill,1.5,Thu May 23 2025 10:25:51 GMT+0200 (שעון ישראל (חורף)),לפני השינה
דופיקר 250,Pill,1,Thu May 23 2025 10:24:32 GMT+0200 (שעון ישראל (חורף)),בבוקר
דופיקר 175,Pill,0.5,Fri May 24 2025 15:41:26 GMT+0200 (שעון ישראל (חורף)),לאחר אוכל
סינמט,Pill,0.5,Fri May 24 2025 21:03:21 GMT+0200 (שעון ישראל (חורף)),לפני השינה
דופיקר 250,Pill,1,Sat May 25 2025 07:45:29 GMT+0200 (שעון ישראל (חורף)),בבוקר
דופיקר 125,Pill,2,Sat May 25 2025 12:50:22 GMT+0200 (שעון ישראל (חורף)),לפני השינה
דופיקר 250,Pill,1,Sat May 25 2025 20:41:29 GMT+0200 (שעון ישראל (חורף)),לאחר אוכל
אזילקט,Pill,1.5,Sun May 26 2025 11:49:22 GMT+0200 (שעון ישראל (חורף)),
"דופיקאר 250 מ""ג",Pill,2,Sun May 26 2025 14:50:13 GMT+0200 (שעון ישראל (חורף)),שכחתי לקחת
דופיקר,Pill,0.5,Mon May 27 2025 15:40:09 GMT+0200 (שעון ישראל (חורף)),בבוקר
"דופיקאר 250 מ""ג",Pill,1.5,Mon May 27 2025 16:19:57 GMT+0200 (שעון ישראל (חורף)),לפני השינה
דופיקר 250,Pill,1,Tue May 28 2025 16:00:57 GMT+0200 (שעון ישראל (חורף)),בבוקר
אזילקט,Pill,1,Tue May 28 2025 09:45:35 GMT+0200 (שעון ישראל (חורף)),שכחתי לקחת
"דופיקאר 250 מ""ג",Pill,0.5,Tue May 28 2025 11:50:05 GMT+0200 (שעון ישראל (חורף)),בבוקר
דופיקר 125,Pill,0.5,Wed May 29 2025 19:52:17 GMT+0200 (שעון ישראל (חורף)),לאחר אוכל
סינמט,Pill,0.5,Wed May 29 2025 07:15:28 GMT+0200 (שעון ישראל (חורף)),בבוקר
דופיקר,Pill,1,Thu May 30 2025 10:14:13 GMT+0200 (שעון ישראל (חורף)),שכחתי לקחת
סינמט,Pill,1,Fri May 31 2025 15:18:04 GMT+0200 (שעון ישראל (חורף)),לאחר אוכל
סינמט,Pill,0.5,Fri May 31 2025 08:15:07 GMT+0200 (שעון ישראל (חורף)),שכחתי לקחת
דופיקר,Pill,1.5,Sat Jun 01 2025 12:45:15 GMT+0200 (שעון ישראל (חורף)),שכחתי לקחת
דופיקר 175,Pill,1.5,Sat Jun 01 2025 19:00:16 GMT+0200 (שעון ישראל (חורף)),לפני השינה
סינמט,Pill,1.5,Sun Jun 02 2025 08:11:28 GMT+0200 (שעון ישראל (חורף)),לאחר אוכל
"דופיקאר 250 מ""ג",Pill,1,Sun Jun 02 2025 07:31:53 GMT+0200 (שעון ישראל (חורף)),
סינמט,Pill,1.5,Mon Jun 03 2025 17:31:15 GMT+0200 (שעון ישראל (חורף)),בבוקר
אזילקט,Pill,1,Mon Jun 03 2025 09:15:41 GMT+0200 (שעון ישראל (חורף)),שכחתי לקחת
אזילקט,Pill,1.5,Tue Jun 04 2025 20:37:00 GMT+0200 (שעון ישראל (חורף)),בבוקר
סינמט,Pill,1.5,Tue Jun 04 2025 08:15:15 GMT+0200 (שעון ישראל (חורף)),שכחתי לקחת
דופיקר 175,Pill,1.5,Wed Jun 05 2025 16:53:12 GMT+0200 (שעון ישראל (חורף)),לאחר אוכל
"אזילקט 1 מ""ג",Pill,1.5,Wed Jun 05 2025 12:12:10 GMT+0200 (שעון ישראל (חורף)),שכחתי לקחת
אזילקט,Pill,1,Wed Jun 05 2025 06:42:55 GMT+0200 (שעון ישראל (חורף)),לפני השינה
"אזילקט 1 מ""ג",Pill,0.5,Thu Jun 06 2025 11:09:56 GMT+0200 (שעון ישראל (חורף)),שכחתי לקחת
"אזילקט 1 מ""ג",Pill,1,Thu Jun 06 2025 10:14:13 GMT+0200 (שעון ישראל (חורף)),
דופיקר,Pill,1,Thu Jun 06 2025 12:37:57 GMT+0200 (שעון ישראל (חורף)),בבוקר
דופיקר 175,Pill,1,Fri Jun 07 2025 11:17:07 GMT+0200 (שעון ישראל (חורף)),לאחר אוכל
דופיקר 250,Pill,1,Fri Jun 07 2025 19:52:17 GMT+0200 (שעון ישראל (חורף)),לאחר אוכל
"אזילקט 1 מ""ג",Pill,1,Fri Jun 07 2025 19:30:39 GMT+0200 (שעון ישראל (חורף)),לאחר אוכל
דופיקר 175,Pill,1.5,Sat Jun 08 2025 07:37:55 GMT+0200 (שעון ישראל (חורף)),שכחתי לקחת
דופיקר 175,Pill,1,Sun Jun 09 2025 15:30:01 GMT+0200 (שעון ישראל (חורף)),שכחתי לקחת
דופיקר 125,Pill,0.5,Sun Jun 09 2025 17:20:29 GMT+0200 (שעון ישראל (חורף)),לפני השינה
דופיקר 125,Pill,0.5,Sun Jun 09 2025 18:34:54 GMT+0200 (שעון ישראל (חורף)),בבוקר
דופיקר,Pill,1,Mon Jun 10 2025 18:13:22 GMT+0200 (שעון ישראל (חורף)),בבוקר
דופיקר 125,Pill,0.5,Mon Jun 10 2025 20:39:11 GMT+0200 (שעון ישראל (חורף)),לפני השינה
אזילקט,Pill,1.5,Tue Jun 11 2025 15:49:05 GMT+0200 (שעון ישראל (חורף)),לאחר אוכל
דופיקר,Pill,1.5,Wed Jun 12 2025 09:14:45 GMT+0200 (שעון ישראל (חורף)),לפני השינה
דופיקר 125,Pill,1.5,Wed Jun 12 2025 21:18:11 GMT+0200 (שעון ישראל (חורף)),בבוקר
דופיקר 175,Pill,0.5,Wed Jun 12 2025 14:05:05 GMT+0200 (שעון ישראל (חורף)),לפני השינה
דופיקר 125,Pill,2,Thu Jun 13 2025 09:17:48 GMT+0200 (שעון ישראל (חורף)),לפני השינה
דופיקר 125,Pill,1,Fri Jun 14 2025 10:46:13 GMT+0200 (שעון ישראל (חורף)),שכחתי לקחת
דופיקר 175,Pill,0.5,Fri Jun 14 2025 08:57:14 GMT+0200 (שעון ישראל (חורף)),לאחר אוכל
דופיקר 250,Pill,2,Fri Jun 14 2025 19:50:54 GMT+0200 (שעון ישראל (חורף)),
דופיקר,Pill,1,Sat Jun 15 2025 08:34:20 GMT+0200 (שעון ישראל (חורף)),שכחתי לקחת
אזילקט,Pill,2,Sat Jun 15 2025 16:52:15 GMT+0200 (שעון ישראל (חורף)),
דופיקר 175,Pill,1,Sun Jun 16 2025 07:05:19 GMT+0200 (שעון ישראל (חורף)),בבוקר
דופיקר 175,Pill,0.5,Sun Jun 16 2025 10:00:24 GMT+0200 (שעון ישראל (חורף)),בבוקר
דופיקר 125,Pill,0.5,Mon Jun 17 2025 07:56:08 GMT+0200 (שעון ישראל (חורף)),
דופיקר 175,Pill,0.5,Mon Jun 17 2025 17:59:49 GMT+0200 (שעון ישראל (חורף)),לפני השינה
דופיקר 250,Pill,0.5,Mon Jun 17 2025 17:32:44 GMT+0200 (שעון ישראל (חורף)),שכחתי לקחת
דופיקר 175,Pill,1.5,Tue Jun 18 2025 06:45:07 GMT+0200 (שעון ישראל (חורף)),לפני השינה
אזילקט,Pill,1.5,Tue Jun 18 2025 15:05:14 GMT+0200 (שעון ישראל (חורף)),בבוקר
דופיקר 125,Pill,1.5,Wed Jun 19 2025 16:01:37 GMT+0200 (שעון ישראל (חורף)),שכחתי לקחת
"דופיקאר 250 מ""ג",Pill,1.5,Thu Jun 20 2025 17:07:25 GMT+0200 (שעון ישראל (חורף)),לפני השינה
"אזילקט 1 מ""ג",Pill,0.5,Fri Jun 21 2025 09:24:28 GMT+0200 (שעון ישראל (חורף)),שכחתי לקחת
דופיקר,Pill,1,Fri Jun 21 2025 17:41:29 GMT+0200 (שעון ישראל (חורף)),בבוקר
"דופיקאר 250 מ""ג",Pill,1,Sat Jun 22 2025 06:46:10 GMT+0200 (שעון ישראל (חורף)),
דופיקר 125,Pill,2,Sat Jun 22 2025 17:35:44 GMT+0200 (שעון ישראל (חורף)),לאחר אוכל
דופיקר 175,Pill,1,Sat Jun 22 2025 08:35:18 GMT+0200 (שעון ישראל (חורף)),בבוקר
סינמט,Pill,1.5,Sun Jun 23 2025 07:06:22 GMT+0200 (שעון ישראל (חורף)),לאחר אוכל
"דופיקאר 250 מ""ג",Pill,0.5,Sun Jun 23 2025 06:15:13 GMT+0200 (שעון ישראל (חורף)),לאחר אוכל
דופיקר 125,Pill,1,Sun Jun 23 2025 11:20:27 GMT+0200 (שעון ישראל (חורף)),שכחתי לקחת
דופיקר 125,Pill,2,Mon Jun 24 2025 12:15:43 GMT+0200 (שעון ישראל (חורף)),
סינמט,Pill,1.5,Mon Jun 24 2025 12:12:10 GMT+0200 (שעון ישראל (חורף)),שכחתי לקחת
"דופיקאר 250 מ""ג",Pill,1.5,Tue Jun 25 2025 11:12:03 GMT+0200 (שעון ישראל (חורף)),שכחתי לקחת
אזילקט,Pill,1.5,Wed Jun 26 2025 09:43:34 GMT+0200 (שעון ישראל (חורף)),בבוקר
"דופיקאר 250 מ""ג",Pill,1,Thu Jun 27 2025 11:50:05 GMT+0200 (שעון ישראל (חורף)),שכחתי לקחת
דופיקר,Pill,0.5,Fri Jun 28 2025 17:05:48 GMT+0200 (שעון ישראל (חורף)),לפני השינה
אזילקט,Pill,1.5,Fri Jun 28 2025 14:06:26 GMT+0200 (שעון ישראל (חורף)),בבוקר
דופיקר 175,Pill,0.5,Fri Jun 28 2025 12:50:22 GMT+0200 (שעון ישראל (חורף)),לפני השינה
סינמט,Pill,0.5,Sat Jun 29 2025 21:07:34 GMT+0200 (שעון ישראל (חורף)),בבוקר
