foodName,dateTaken,proteins,fats,carbohydrates,dietaryFiber
יוגורט,Sat Mar 01 2025 02:00:00 GMT+0200 (שעון ישראל (חורף)),2.4,8,18.7,4.4
פאי אגסים,Sat Mar 01 2025 03:00:00 GMT+0200 (שעון ישראל (חורף)),9.7,1.1,18.2,1.4
שקדים טבעיים,Sat Mar 01 2025 07:00:00 GMT+0200 (שעון ישראל (חורף)),2.3,6,27.3,0.7
בננה,Sat Mar 01 2025 09:00:00 GMT+0200 (שעון ישראל (חורף)),4,4,21.3,2.6
חצי פיתה עם חמאת בוטנים,Sat Mar 01 2025 10:00:00 GMT+0200 (שעון ישראל (חורף)),7.8,3.2,10.8,4
פאי אגסים,Sat Mar 01 2025 14:00:00 GMT+0200 (שעון ישראל (חורף)),2.9,3.2,7.9,0.8
קפה,Sat Mar 01 2025 15:00:00 GMT+0200 (שעון ישראל (חורף)),1.4,2.7,29.9,0.9
חביתה עם ירק,Sun Mar 02 2025 04:00:00 GMT+0200 (שעון ישראל (חורף)),9.1,3.5,24.7,4.8
מעדן סויה אפרסק,Sun Mar 02 2025 09:00:00 GMT+0200 (שעון ישראל (חורף)),3,9.3,6.9,1.6
קפה,Sun Mar 02 2025 10:00:00 GMT+0200 (שעון ישראל (חורף)),5.9,7.6,19.7,3.1
שקדים טבעיים,Sun Mar 02 2025 11:00:00 GMT+0200 (שעון ישראל (חורף)),8.1,3.1,25.7,2.8
חצי פיתה עם חמאת בוטנים,Sun Mar 02 2025 16:00:00 GMT+0200 (שעון ישראל (חורף)),7.5,3,18.5,1.3
שקדים טבעיים,Sun Mar 02 2025 18:00:00 GMT+0200 (שעון ישראל (חורף)),9.3,5,28.1,3.5
מעדן סויה אפרסק,Mon Mar 03 2025 03:00:00 GMT+0200 (שעון ישראל (חורף)),7.7,2.3,15.2,4.7
מעדן סויה אפרסק,Mon Mar 03 2025 06:00:00 GMT+0200 (שעון ישראל (חורף)),5.6,1.9,28,2
שקדים טבעיים,Mon Mar 03 2025 08:00:00 GMT+0200 (שעון ישראל (חורף)),2.1,0.8,20.8,2.5
שקדים טבעיים,Mon Mar 03 2025 13:00:00 GMT+0200 (שעון ישראל (חורף)),8.2,6.6,20.2,2.7
בננה,Mon Mar 03 2025 14:00:00 GMT+0200 (שעון ישראל (חורף)),6.3,1.1,18.4,1.7
שקדים טבעיים,Mon Mar 03 2025 18:00:00 GMT+0200 (שעון ישראל (חורף)),9.8,7.8,13.3,1.8
חצי פיתה עם חמאת בוטנים,Mon Mar 03 2025 22:00:00 GMT+0200 (שעון ישראל (חורף)),4,2.2,18,3.7
חצי פיתה עם חמאת בוטנים,Mon Mar 03 2025 23:00:00 GMT+0200 (שעון ישראל (חורף)),4.4,1.5,21.6,4.2
יוגורט,Tue Mar 04 2025 03:00:00 GMT+0200 (שעון ישראל (חורף)),8.8,1.1,24.5,1.8
פלפל ומלפפון,Tue Mar 04 2025 06:00:00 GMT+0200 (שעון ישראל (חורף)),5.4,1.5,14.4,2.7
פלפל ומלפפון,Tue Mar 04 2025 10:00:00 GMT+0200 (שעון ישראל (חורף)),4.7,5.2,7.9,1.2
פלפל ומלפפון,Tue Mar 04 2025 18:00:00 GMT+0200 (שעון ישראל (חורף)),8.3,1.4,7.4,3.4
שקדים טבעיים,Tue Mar 04 2025 19:00:00 GMT+0200 (שעון ישראל (חורף)),5.5,4.7,13,0.6
חצי פיתה עם חמאת בוטנים,Wed Mar 05 2025 03:00:00 GMT+0200 (שעון ישראל (חורף)),7.2,6,10.6,3.4
פלפל ומלפפון,Wed Mar 05 2025 05:00:00 GMT+0200 (שעון ישראל (חורף)),6.9,5.5,26.4,2.4
חביתה עם ירק,Wed Mar 05 2025 06:00:00 GMT+0200 (שעון ישראל (חורף)),8.7,3.6,16.7,2
פאי אגסים,Wed Mar 05 2025 14:00:00 GMT+0200 (שעון ישראל (חורף)),5.5,1.8,18.9,4.3
מעדן סויה אפרסק,Thu Mar 06 2025 01:00:00 GMT+0200 (שעון ישראל (חורף)),9.9,9,10.1,4.3
שקדים טבעיים,Thu Mar 06 2025 02:00:00 GMT+0200 (שעון ישראל (חורף)),6.7,4.3,15.7,3.1
קורנפלקס עם חלב סויה,Thu Mar 06 2025 03:00:00 GMT+0200 (שעון ישראל (חורף)),5.5,9.4,9.6,2.7
פלפל ומלפפון,Thu Mar 06 2025 20:00:00 GMT+0200 (שעון ישראל (חורף)),2.8,1.1,8.6,4.1
שקדים טבעיים,Fri Mar 07 2025 13:00:00 GMT+0200 (שעון ישראל (חורף)),4.8,5,16.4,4.7
בננה,Fri Mar 07 2025 21:00:00 GMT+0200 (שעון ישראל (חורף)),2.8,7.3,10.4,5
פאי אגסים,Fri Mar 07 2025 23:00:00 GMT+0200 (שעון ישראל (חורף)),3.4,2.7,29,2.9
קורנפלקס עם חלב סויה,Sat Mar 08 2025 00:00:00 GMT+0200 (שעון ישראל (חורף)),9.3,0.9,16.3,4.9
קפה,Sat Mar 08 2025 04:00:00 GMT+0200 (שעון ישראל (חורף)),6.3,8.2,7.4,2.3
חצי פיתה עם חמאת בוטנים,Sat Mar 08 2025 12:00:00 GMT+0200 (שעון ישראל (חורף)),1.3,3.8,20.3,3.8
בננה,Sat Mar 08 2025 23:00:00 GMT+0200 (שעון ישראל (חורף)),9.2,1.8,17.6,2.3
חצי פיתה עם חמאת בוטנים,Sun Mar 09 2025 02:00:00 GMT+0200 (שעון ישראל (חורף)),9.7,5.7,24.8,1.6
שקדים טבעיים,Sun Mar 09 2025 04:00:00 GMT+0200 (שעון ישראל (חורף)),3.1,9.9,10.9,4.5
פאי אגסים,Sun Mar 09 2025 15:00:00 GMT+0200 (שעון ישראל (חורף)),4.2,7.3,29.6,3.8
קורנפלקס עם חלב סויה,Sun Mar 09 2025 19:00:00 GMT+0200 (שעון ישראל (חורף)),4.9,9.7,13.8,1.2
חצי פיתה עם חמאת בוטנים,Sun Mar 09 2025 22:00:00 GMT+0200 (שעון ישראל (חורף)),2.6,0.8,24.2,4.9
קפה,Mon Mar 10 2025 00:00:00 GMT+0200 (שעון ישראל (חורף)),3.9,9.6,16.9,1
חצי פיתה עם חמאת בוטנים,Mon Mar 10 2025 01:00:00 GMT+0200 (שעון ישראל (חורף)),9.3,6.2,19.2,0.6
בננה,Mon Mar 10 2025 03:00:00 GMT+0200 (שעון ישראל (חורף)),3.3,2.4,12.8,3.3
שקדים טבעיים,Mon Mar 10 2025 06:00:00 GMT+0200 (שעון ישראל (חורף)),6.3,7.8,10.9,4.3
פלפל ומלפפון,Mon Mar 10 2025 11:00:00 GMT+0200 (שעון ישראל (חורף)),2.3,5.4,21.7,2.5
בננה,Mon Mar 10 2025 12:00:00 GMT+0200 (שעון ישראל (חורף)),6.8,3.3,5.9,4.6
קפה,Mon Mar 10 2025 16:00:00 GMT+0200 (שעון ישראל (חורף)),8.4,1.8,22.8,4.7
חצי פיתה עם חמאת בוטנים,Mon Mar 10 2025 17:00:00 GMT+0200 (שעון ישראל (חורף)),6.9,2.1,8.2,1.1
שקדים טבעיים,Mon Mar 10 2025 19:00:00 GMT+0200 (שעון ישראל (חורף)),5.8,5.8,6.3,2.8
בננה,Mon Mar 10 2025 20:00:00 GMT+0200 (שעון ישראל (חורף)),5.7,1.7,24.7,2.5
בננה,Tue Mar 11 2025 00:00:00 GMT+0200 (שעון ישראל (חורף)),7.2,3.7,21.2,2.4
חצי פיתה עם חמאת בוטנים,Tue Mar 11 2025 02:00:00 GMT+0200 (שעון ישראל (חורף)),2.8,8.8,18.1,1.1
פלפל ומלפפון,Tue Mar 11 2025 04:00:00 GMT+0200 (שעון ישראל (חורף)),9.9,6.6,8.5,1.1
חביתה עם ירק,Tue Mar 11 2025 05:00:00 GMT+0200 (שעון ישראל (חורף)),9.9,3.7,9.4,0.6
חביתה עם ירק,Tue Mar 11 2025 06:00:00 GMT+0200 (שעון ישראל (חורף)),4.4,0.8,12.7,4
חצי פיתה עם חמאת בוטנים,Tue Mar 11 2025 13:00:00 GMT+0200 (שעון ישראל (חורף)),2.9,8.7,14.5,4.9
חצי פיתה עם חמאת בוטנים,Tue Mar 11 2025 14:00:00 GMT+0200 (שעון ישראל (חורף)),1.2,6.5,15.2,1.4
יוגורט,Tue Mar 11 2025 15:00:00 GMT+0200 (שעון ישראל (חורף)),3.3,6.9,22.5,2.9
פלפל ומלפפון,Tue Mar 11 2025 17:00:00 GMT+0200 (שעון ישראל (חורף)),4.1,5.4,9.9,3.5
יוגורט,Wed Mar 12 2025 06:00:00 GMT+0200 (שעון ישראל (חורף)),7.4,8.8,20.9,0.5
יוגורט,Wed Mar 12 2025 08:00:00 GMT+0200 (שעון ישראל (חורף)),3.3,8.9,26.6,1.6
חצי פיתה עם חמאת בוטנים,Wed Mar 12 2025 09:00:00 GMT+0200 (שעון ישראל (חורף)),8.7,0.7,29.9,0.9
שקדים טבעיים,Wed Mar 12 2025 18:00:00 GMT+0200 (שעון ישראל (חורף)),6.5,5,9.4,3.5
חצי פיתה עם חמאת בוטנים,Wed Mar 12 2025 19:00:00 GMT+0200 (שעון ישראל (חורף)),9.8,2.1,17,1.1
יוגורט,Wed Mar 12 2025 21:00:00 GMT+0200 (שעון ישראל (חורף)),7.9,3.6,15.8,0.7
קורנפלקס עם חלב סויה,Wed Mar 12 2025 23:00:00 GMT+0200 (שעון ישראל (חורף)),9.7,1.2,15.4,1.8
פלפל ומלפפון,Thu Mar 13 2025 05:00:00 GMT+0200 (שעון ישראל (חורף)),4.8,5.6,24.9,0.7
מעדן סויה אפרסק,Thu Mar 13 2025 06:00:00 GMT+0200 (שעון ישראל (חורף)),3,6.6,10.4,2.5
חביתה עם ירק,Thu Mar 13 2025 13:00:00 GMT+0200 (שעון ישראל (חורף)),8.2,9.7,12.8,4
חצי פיתה עם חמאת בוטנים,Thu Mar 13 2025 14:00:00 GMT+0200 (שעון ישראל (חורף)),9.9,1.4,15.1,2.7
חצי פיתה עם חמאת בוטנים,Thu Mar 13 2025 15:00:00 GMT+0200 (שעון ישראל (חורף)),1.7,8.9,19,1.5
מעדן סויה אפרסק,Fri Mar 14 2025 04:00:00 GMT+0200 (שעון ישראל (חורף)),1.2,2.1,9.3,3.7
חביתה עם ירק,Fri Mar 14 2025 07:00:00 GMT+0200 (שעון ישראל (חורף)),7.8,0.7,10.4,2.7
חביתה עם ירק,Fri Mar 14 2025 17:00:00 GMT+0200 (שעון ישראל (חורף)),7.9,8.4,12.7,1.1
קורנפלקס עם חלב סויה,Fri Mar 14 2025 20:00:00 GMT+0200 (שעון ישראל (חורף)),8.4,4.4,17.8,2.6
פלפל ומלפפון,Fri Mar 14 2025 21:00:00 GMT+0200 (שעון ישראל (חורף)),9.8,3.9,12.2,2.1
יוגורט,Sat Mar 15 2025 00:00:00 GMT+0200 (שעון ישראל (חורף)),2,9.1,24,3.3
מעדן סויה אפרסק,Sat Mar 15 2025 04:00:00 GMT+0200 (שעון ישראל (חורף)),8.4,6.5,18.8,0.7
קורנפלקס עם חלב סויה,Sat Mar 15 2025 05:00:00 GMT+0200 (שעון ישראל (חורף)),2.7,6.2,7.6,0.7
קורנפלקס עם חלב סויה,Sat Mar 15 2025 07:00:00 GMT+0200 (שעון ישראל (חורף)),4,0.6,26.4,3.8
פאי אגסים,Sat Mar 15 2025 09:00:00 GMT+0200 (שעון ישראל (חורף)),6.4,7.8,15.3,2.8
קורנפלקס עם חלב סויה,Sat Mar 15 2025 16:00:00 GMT+0200 (שעון ישראל (חורף)),3.4,9.9,22.6,1.1
חביתה עם ירק,Sat Mar 15 2025 23:00:00 GMT+0200 (שעון ישראל (חורף)),5,1.5,18.7,2.9
קורנפלקס עם חלב סויה,Sun Mar 16 2025 03:00:00 GMT+0200 (שעון ישראל (חורף)),7.6,5.6,10.1,2.1
קורנפלקס עם חלב סויה,Sun Mar 16 2025 05:00:00 GMT+0200 (שעון ישראל (חורף)),7.9,8.7,12.2,3.3
יוגורט,Sun Mar 16 2025 06:00:00 GMT+0200 (שעון ישראל (חורף)),7,9.1,25.9,1.3
יוגורט,Sun Mar 16 2025 11:00:00 GMT+0200 (שעון ישראל (חורף)),3.9,7.8,6,2.8
פאי אגסים,Sun Mar 16 2025 12:00:00 GMT+0200 (שעון ישראל (חורף)),4.2,8,26.1,1.4
פלפל ומלפפון,Sun Mar 16 2025 15:00:00 GMT+0200 (שעון ישראל (חורף)),6.7,1.5,11.9,2.5
פאי אגסים,Sun Mar 16 2025 18:00:00 GMT+0200 (שעון ישראל (חורף)),6.2,3.8,9.4,4.2
מעדן סויה אפרסק,Sun Mar 16 2025 23:00:00 GMT+0200 (שעון ישראל (חורף)),9.9,5.7,18.7,1
חצי פיתה עם חמאת בוטנים,Mon Mar 17 2025 00:00:00 GMT+0200 (שעון ישראל (חורף)),6,1.3,9.1,5
פאי אגסים,Mon Mar 17 2025 06:00:00 GMT+0200 (שעון ישראל (חורף)),9.5,2.1,13.2,4.8
חצי פיתה עם חמאת בוטנים,Mon Mar 17 2025 15:00:00 GMT+0200 (שעון ישראל (חורף)),7.2,6,8.7,2.8
יוגורט,Mon Mar 17 2025 19:00:00 GMT+0200 (שעון ישראל (חורף)),3.5,9,19.5,4.4
מעדן סויה אפרסק,Mon Mar 17 2025 21:00:00 GMT+0200 (שעון ישראל (חורף)),7.1,4.6,13.3,2.9
מעדן סויה אפרסק,Tue Mar 18 2025 02:00:00 GMT+0200 (שעון ישראל (חורף)),1.6,7.8,20.6,0.7
בננה,Tue Mar 18 2025 04:00:00 GMT+0200 (שעון ישראל (חורף)),3.8,9.8,20.3,4.3
חצי פיתה עם חמאת בוטנים,Tue Mar 18 2025 05:00:00 GMT+0200 (שעון ישראל (חורף)),3.6,8.5,28.2,4.7
בננה,Tue Mar 18 2025 11:00:00 GMT+0200 (שעון ישראל (חורף)),9.2,9.2,19.5,2.3
חביתה עם ירק,Tue Mar 18 2025 12:00:00 GMT+0200 (שעון ישראל (חורף)),8.7,8,8.4,4.7
שקדים טבעיים,Tue Mar 18 2025 17:00:00 GMT+0200 (שעון ישראל (חורף)),9.1,4.9,19.1,2.4
בננה,Wed Mar 19 2025 01:00:00 GMT+0200 (שעון ישראל (חורף)),2.6,4.7,13.6,4.7
פאי אגסים,Wed Mar 19 2025 03:00:00 GMT+0200 (שעון ישראל (חורף)),3.6,5.2,27.5,4.6
בננה,Wed Mar 19 2025 05:00:00 GMT+0200 (שעון ישראל (חורף)),2.2,4.1,13.7,1.9
חצי פיתה עם חמאת בוטנים,Wed Mar 19 2025 09:00:00 GMT+0200 (שעון ישראל (חורף)),4.4,3.7,29.6,2.6
קפה,Wed Mar 19 2025 12:00:00 GMT+0200 (שעון ישראל (חורף)),4.8,5.2,29.3,2.8
שקדים טבעיים,Wed Mar 19 2025 14:00:00 GMT+0200 (שעון ישראל (חורף)),3.6,8.2,21.5,2.5
בננה,Wed Mar 19 2025 20:00:00 GMT+0200 (שעון ישראל (חורף)),8.3,4.7,7.4,4.2
מעדן סויה אפרסק,Thu Mar 20 2025 04:00:00 GMT+0200 (שעון ישראל (חורף)),5.7,0.9,9.5,1.5
שקדים טבעיים,Thu Mar 20 2025 05:00:00 GMT+0200 (שעון ישראל (חורף)),6,9.5,23.8,3.2
חצי פיתה עם חמאת בוטנים,Thu Mar 20 2025 07:00:00 GMT+0200 (שעון ישראל (חורף)),10,7.6,12.3,0.7
פלפל ומלפפון,Thu Mar 20 2025 12:00:00 GMT+0200 (שעון ישראל (חורף)),6.4,7.8,23.8,3.3
קורנפלקס עם חלב סויה,Thu Mar 20 2025 13:00:00 GMT+0200 (שעון ישראל (חורף)),7.4,7.3,10.6,3.3
שקדים טבעיים,Thu Mar 20 2025 20:00:00 GMT+0200 (שעון ישראל (חורף)),5.8,9.8,21.7,1.6
קפה,Thu Mar 20 2025 21:00:00 GMT+0200 (שעון ישראל (חורף)),4.4,6.5,7.1,3.4
שקדים טבעיים,Thu Mar 20 2025 23:00:00 GMT+0200 (שעון ישראל (חורף)),4.7,8.4,17.2,4.2
שקדים טבעיים,Fri Mar 21 2025 00:00:00 GMT+0200 (שעון ישראל (חורף)),10,9.6,22.4,4.4
חביתה עם ירק,Fri Mar 21 2025 02:00:00 GMT+0200 (שעון ישראל (חורף)),4.3,3,10.4,4.4
בננה,Sat Mar 22 2025 03:00:00 GMT+0200 (שעון ישראל (חורף)),5.8,2.8,19.9,4
פאי אגסים,Sat Mar 22 2025 04:00:00 GMT+0200 (שעון ישראל (חורף)),2.8,0.6,15.1,3
פלפל ומלפפון,Sat Mar 22 2025 06:00:00 GMT+0200 (שעון ישראל (חורף)),1.7,7.5,13.8,2.6
חצי פיתה עם חמאת בוטנים,Sat Mar 22 2025 09:00:00 GMT+0200 (שעון ישראל (חורף)),2.6,1.9,12.1,1.1
קורנפלקס עם חלב סויה,Sat Mar 22 2025 10:00:00 GMT+0200 (שעון ישראל (חורף)),9.9,5.5,16.6,0.8
פלפל ומלפפון,Sat Mar 22 2025 12:00:00 GMT+0200 (שעון ישראל (חורף)),7.7,5.9,21.8,2
קורנפלקס עם חלב סויה,Sat Mar 22 2025 15:00:00 GMT+0200 (שעון ישראל (חורף)),7.9,2.9,23.5,4.5
מעדן סויה אפרסק,Sat Mar 22 2025 17:00:00 GMT+0200 (שעון ישראל (חורף)),3.2,7.8,26.3,3.7
קפה,Sat Mar 22 2025 20:00:00 GMT+0200 (שעון ישראל (חורף)),5.7,5.4,29.8,5
קפה,Sat Mar 22 2025 22:00:00 GMT+0200 (שעון ישראל (חורף)),3.7,8.5,25.3,4.6
קפה,Sun Mar 23 2025 03:00:00 GMT+0200 (שעון ישראל (חורף)),3.8,5.8,23,2.6
קורנפלקס עם חלב סויה,Sun Mar 23 2025 05:00:00 GMT+0200 (שעון ישראל (חורף)),3.3,9,25.9,4.8
פלפל ומלפפון,Sun Mar 23 2025 06:00:00 GMT+0200 (שעון ישראל (חורף)),7.5,2.1,16.5,1.8
חביתה עם ירק,Sun Mar 23 2025 12:00:00 GMT+0200 (שעון ישראל (חורף)),4.1,5,15.7,5
חביתה עם ירק,Sun Mar 23 2025 16:00:00 GMT+0200 (שעון ישראל (חורף)),8.2,7.3,8.6,1.7
קורנפלקס עם חלב סויה,Sun Mar 23 2025 20:00:00 GMT+0200 (שעון ישראל (חורף)),9.6,8.2,10.8,3.2
חביתה עם ירק,Mon Mar 24 2025 01:00:00 GMT+0200 (שעון ישראל (חורף)),6.2,3.4,17.1,1
פאי אגסים,Mon Mar 24 2025 04:00:00 GMT+0200 (שעון ישראל (חורף)),9.8,5.9,5.5,0.6
יוגורט,Mon Mar 24 2025 13:00:00 GMT+0200 (שעון ישראל (חורף)),3.9,4,9.7,3.8
פלפל ומלפפון,Tue Mar 25 2025 03:00:00 GMT+0200 (שעון ישראל (חורף)),6.8,6.1,21.3,3.9
יוגורט,Tue Mar 25 2025 09:00:00 GMT+0200 (שעון ישראל (חורף)),5.2,2.1,27.9,2.6
פאי אגסים,Tue Mar 25 2025 10:00:00 GMT+0200 (שעון ישראל (חורף)),8,3.2,18.3,1.4
שקדים טבעיים,Tue Mar 25 2025 12:00:00 GMT+0200 (שעון ישראל (חורף)),9.5,2,22.4,4.5
חצי פיתה עם חמאת בוטנים,Tue Mar 25 2025 15:00:00 GMT+0200 (שעון ישראל (חורף)),9.4,7.5,8.7,4.1
חביתה עם ירק,Tue Mar 25 2025 16:00:00 GMT+0200 (שעון ישראל (חורף)),7.3,1.8,27.6,3.5
פלפל ומלפפון,Wed Mar 26 2025 05:00:00 GMT+0200 (שעון ישראל (חורף)),5.1,3.8,28.5,0.7
חביתה עם ירק,Wed Mar 26 2025 07:00:00 GMT+0200 (שעון ישראל (חורף)),4.6,9.1,25.9,0.9
חצי פיתה עם חמאת בוטנים,Wed Mar 26 2025 08:00:00 GMT+0200 (שעון ישראל (חורף)),1.7,4.7,18.3,1.7
מעדן סויה אפרסק,Wed Mar 26 2025 14:00:00 GMT+0200 (שעון ישראל (חורף)),3.8,5.6,15,4.8
בננה,Wed Mar 26 2025 16:00:00 GMT+0200 (שעון ישראל (חורף)),5.2,0.7,13.2,3.9
שקדים טבעיים,Wed Mar 26 2025 17:00:00 GMT+0200 (שעון ישראל (חורף)),3,8.6,28.2,2.3
קפה,Wed Mar 26 2025 18:00:00 GMT+0200 (שעון ישראל (חורף)),3.4,1.1,7.9,4.1
קפה,Wed Mar 26 2025 21:00:00 GMT+0200 (שעון ישראל (חורף)),9.5,3.7,17.8,1.3
בננה,Thu Mar 27 2025 00:00:00 GMT+0200 (שעון ישראל (חורף)),3.5,6.4,6.1,4.1
מעדן סויה אפרסק,Thu Mar 27 2025 01:00:00 GMT+0200 (שעון ישראל (חורף)),5.6,7,18.9,1.1
פאי אגסים,Thu Mar 27 2025 06:00:00 GMT+0200 (שעון ישראל (חורף)),3.8,6.2,14.3,1.8
מעדן סויה אפרסק,Thu Mar 27 2025 11:00:00 GMT+0200 (שעון ישראל (חורף)),6.9,3.2,7.6,4.2
קורנפלקס עם חלב סויה,Fri Mar 28 2025 01:00:00 GMT+0200 (שעון ישראל (חורף)),7.2,9.4,25.7,2.4
בננה,Fri Mar 28 2025 06:00:00 GMT+0200 (שעון ישראל (חורף)),9.7,6.2,7.3,1
פלפל ומלפפון,Fri Mar 28 2025 08:00:00 GMT+0200 (שעון ישראל (חורף)),10,2,5.9,4.1
מעדן סויה אפרסק,Fri Mar 28 2025 16:00:00 GMT+0200 (שעון ישראל (חורף)),1,1.1,24.7,1.5
פלפל ומלפפון,Fri Mar 28 2025 17:00:00 GMT+0200 (שעון ישראל (חורף)),4.6,4.5,20,1.6
חצי פיתה עם חמאת בוטנים,Fri Mar 28 2025 18:00:00 GMT+0200 (שעון ישראל (חורף)),5.6,7.2,8.8,2.1
פלפל ומלפפון,Sat Mar 29 2025 01:00:00 GMT+0200 (שעון ישראל (חורף)),3,4.3,20.1,3.2
חצי פיתה עם חמאת בוטנים,Sat Mar 29 2025 09:00:00 GMT+0200 (שעון ישראל (חורף)),2.3,7.3,18.1,3.8
פאי אגסים,Sat Mar 29 2025 10:00:00 GMT+0200 (שעון ישראל (חורף)),6,4.2,26.5,2.2
חצי פיתה עם חמאת בוטנים,Sat Mar 29 2025 11:00:00 GMT+0200 (שעון ישראל (חורף)),9,2,13.8,3.9
יוגורט,Sat Mar 29 2025 15:00:00 GMT+0200 (שעון ישראל (חורף)),2.3,6.2,7.8,1.7
חצי פיתה עם חמאת בוטנים,Sat Mar 29 2025 19:00:00 GMT+0200 (שעון ישראל (חורף)),9.5,0.8,8.5,4.8
פאי אגסים,Sat Mar 29 2025 20:00:00 GMT+0200 (שעון ישראל (חורף)),9.6,5,6.3,4.3
קורנפלקס עם חלב סויה,Sat Mar 29 2025 22:00:00 GMT+0200 (שעון ישראל (חורף)),5.3,4,21.5,2.7
חביתה עם ירק,Sun Mar 30 2025 00:00:00 GMT+0200 (שעון ישראל (חורף)),1.2,3.9,23,4.6
חביתה עם ירק,Sun Mar 30 2025 03:00:00 GMT+0200 (שעון ישראל (חורף)),8.3,1.2,7.4,3.4
קפה,Sun Mar 30 2025 06:00:00 GMT+0200 (שעון ישראל (חורף)),6.6,2.8,22.1,3
חביתה עם ירק,Sun Mar 30 2025 07:00:00 GMT+0200 (שעון ישראל (חורף)),1.3,6.6,25.4,2.6
קפה,Sun Mar 30 2025 13:00:00 GMT+0200 (שעון ישראל (חורף)),5.1,5.7,28.7,0.7
חביתה עם ירק,Sun Mar 30 2025 16:00:00 GMT+0200 (שעון ישראל (חורף)),2.6,7.5,8.4,2
מעדן סויה אפרסק,Sun Mar 30 2025 18:00:00 GMT+0200 (שעון ישראל (חורף)),7,3,19,1.8
מעדן סויה אפרסק,Sun Mar 30 2025 22:00:00 GMT+0200 (שעון ישראל (חורף)),6,8.6,6.5,4.6
קפה,Mon Mar 31 2025 01:00:00 GMT+0200 (שעון ישראל (חורף)),6.6,8.8,28.9,4.6
קפה,Mon Mar 31 2025 17:00:00 GMT+0200 (שעון ישראל (חורף)),8.2,9.3,5.2,2.9
חביתה עם ירק,Mon Mar 31 2025 23:00:00 GMT+0200 (שעון ישראל (חורף)),6.1,4.4,19.2,3.5
חביתה עם ירק,Tue Apr 01 2025 00:00:00 GMT+0200 (שעון ישראל (חורף)),1.1,5.9,20.9,2.2
קפה,Tue Apr 01 2025 05:00:00 GMT+0200 (שעון ישראל (חורף)),3.6,8.6,17.1,4.3
שקדים טבעיים,Tue Apr 01 2025 07:00:00 GMT+0200 (שעון ישראל (חורף)),3.7,4.5,27.9,4.6
פאי אגסים,Tue Apr 01 2025 15:00:00 GMT+0200 (שעון ישראל (חורף)),5.5,8.2,6.8,1.4
חביתה עם ירק,Tue Apr 01 2025 16:00:00 GMT+0200 (שעון ישראל (חורף)),3.2,1.6,13.2,3.7
שקדים טבעיים,Wed Apr 02 2025 01:00:00 GMT+0200 (שעון ישראל (חורף)),4.9,8.3,12.9,4.6
קורנפלקס עם חלב סויה,Wed Apr 02 2025 08:00:00 GMT+0200 (שעון ישראל (חורף)),4.4,5.3,18.3,4.7
שקדים טבעיים,Wed Apr 02 2025 11:00:00 GMT+0200 (שעון ישראל (חורף)),2.4,3.9,23.7,4.3
קורנפלקס עם חלב סויה,Wed Apr 02 2025 14:00:00 GMT+0200 (שעון ישראל (חורף)),4.5,1,26.6,3.6
פלפל ומלפפון,Wed Apr 02 2025 16:00:00 GMT+0200 (שעון ישראל (חורף)),2.1,4.4,13.9,1.7
שקדים טבעיים,Wed Apr 02 2025 18:00:00 GMT+0200 (שעון ישראל (חורף)),7.7,2.2,14.6,2.6
חביתה עם ירק,Wed Apr 02 2025 19:00:00 GMT+0200 (שעון ישראל (חורף)),5.1,6.9,29.4,4.5
קורנפלקס עם חלב סויה,Wed Apr 02 2025 20:00:00 GMT+0200 (שעון ישראל (חורף)),1.2,8.6,29.6,2.8
בננה,Thu Apr 03 2025 00:00:00 GMT+0200 (שעון ישראל (חורף)),2.7,3.9,6.6,3
מעדן סויה אפרסק,Thu Apr 03 2025 01:00:00 GMT+0200 (שעון ישראל (חורף)),3.6,0.6,27.9,1.1
קורנפלקס עם חלב סויה,Thu Apr 03 2025 06:00:00 GMT+0200 (שעון ישראל (חורף)),5.8,1.2,16.7,4.8
קורנפלקס עם חלב סויה,Thu Apr 03 2025 08:00:00 GMT+0200 (שעון ישראל (חורף)),3.4,1.9,9.7,0.8
קורנפלקס עם חלב סויה,Thu Apr 03 2025 09:00:00 GMT+0200 (שעון ישראל (חורף)),1.8,9.1,12.8,3.3
בננה,Thu Apr 03 2025 14:00:00 GMT+0200 (שעון ישראל (חורף)),1.2,7,14.2,4.9
שקדים טבעיים,Thu Apr 03 2025 18:00:00 GMT+0200 (שעון ישראל (חורף)),6.1,3,29.7,2.9
בננה,Fri Apr 04 2025 02:00:00 GMT+0200 (שעון ישראל (חורף)),5.2,10,10.4,2.3
בננה,Fri Apr 04 2025 08:00:00 GMT+0200 (שעון ישראל (חורף)),6.5,3.6,6.8,2.6
שקדים טבעיים,Fri Apr 04 2025 11:00:00 GMT+0200 (שעון ישראל (חורף)),9,3.5,11.1,1.9
שקדים טבעיים,Fri Apr 04 2025 12:00:00 GMT+0200 (שעון ישראל (חורף)),8.3,7.8,23.4,2.3
מעדן סויה אפרסק,Fri Apr 04 2025 15:00:00 GMT+0200 (שעון ישראל (חורף)),7.3,8.6,12.7,2.5
פאי אגסים,Fri Apr 04 2025 16:00:00 GMT+0200 (שעון ישראל (חורף)),6.6,6.5,11.2,3.9
פלפל ומלפפון,Sat Apr 05 2025 06:00:00 GMT+0200 (שעון ישראל (חורף)),4.4,3.7,9.2,3.4
בננה,Sat Apr 05 2025 08:00:00 GMT+0200 (שעון ישראל (חורף)),3.3,2.6,22.1,2.4
קפה,Sat Apr 05 2025 09:00:00 GMT+0200 (שעון ישראל (חורף)),7.5,8.5,16.8,2.8
פאי אגסים,Sat Apr 05 2025 20:00:00 GMT+0200 (שעון ישראל (חורף)),5.2,2.1,20.5,2.5
פאי אגסים,Sat Apr 05 2025 21:00:00 GMT+0200 (שעון ישראל (חורף)),2.2,1.2,12.1,3.2
קפה,Sat Apr 05 2025 22:00:00 GMT+0200 (שעון ישראל (חורף)),4,7,28.7,3.7
יוגורט,Sun Apr 06 2025 01:00:00 GMT+0200 (שעון ישראל (חורף)),7.9,3.4,27.4,2.6
קורנפלקס עם חלב סויה,Sun Apr 06 2025 10:00:00 GMT+0200 (שעון ישראל (חורף)),7.2,9,22.8,4
קורנפלקס עם חלב סויה,Sun Apr 06 2025 11:00:00 GMT+0200 (שעון ישראל (חורף)),1.8,9.9,11.9,2.8
פאי אגסים,Sun Apr 06 2025 16:00:00 GMT+0200 (שעון ישראל (חורף)),5.1,6.3,20.9,4.7
פאי אגסים,Sun Apr 06 2025 18:00:00 GMT+0200 (שעון ישראל (חורף)),8,1.8,19.5,4.4
פאי אגסים,Sun Apr 06 2025 21:00:00 GMT+0200 (שעון ישראל (חורף)),1.2,6.9,7.5,4.6
פלפל ומלפפון,Sun Apr 06 2025 22:00:00 GMT+0200 (שעון ישראל (חורף)),4.3,2.5,29.3,3.5
יוגורט,Mon Apr 07 2025 00:00:00 GMT+0200 (שעון ישראל (חורף)),9.7,4.7,20.3,2.2
בננה,Mon Apr 07 2025 03:00:00 GMT+0200 (שעון ישראל (חורף)),8.2,8.6,13.4,1.3
חצי פיתה עם חמאת בוטנים,Mon Apr 07 2025 07:00:00 GMT+0200 (שעון ישראל (חורף)),1.7,5.4,27,1.9
קפה,Mon Apr 07 2025 13:00:00 GMT+0200 (שעון ישראל (חורף)),2.9,9.5,28.1,4.2
פלפל ומלפפון,Mon Apr 07 2025 14:00:00 GMT+0200 (שעון ישראל (חורף)),7.3,6.7,26.7,3.5
פלפל ומלפפון,Mon Apr 07 2025 19:00:00 GMT+0200 (שעון ישראל (חורף)),5,2.4,7.4,3.1
יוגורט,Mon Apr 07 2025 20:00:00 GMT+0200 (שעון ישראל (חורף)),9.9,7.9,15.5,1.7
יוגורט,Mon Apr 07 2025 22:00:00 GMT+0200 (שעון ישראל (חורף)),6.8,8.7,27.5,1.5
בננה,Tue Apr 08 2025 04:00:00 GMT+0200 (שעון ישראל (חורף)),10,6.7,27.7,0.6
חצי פיתה עם חמאת בוטנים,Tue Apr 08 2025 08:00:00 GMT+0200 (שעון ישראל (חורף)),6.5,4.2,6.3,1.5
פאי אגסים,Tue Apr 08 2025 10:00:00 GMT+0200 (שעון ישראל (חורף)),5,5.5,28.8,4.1
חביתה עם ירק,Tue Apr 08 2025 11:00:00 GMT+0200 (שעון ישראל (חורף)),3.1,3.9,24.3,2.6
יוגורט,Tue Apr 08 2025 15:00:00 GMT+0200 (שעון ישראל (חורף)),4.1,3.9,13.1,1.2
פאי אגסים,Tue Apr 08 2025 19:00:00 GMT+0200 (שעון ישראל (חורף)),1.7,9.6,26.8,4.8
מעדן סויה אפרסק,Wed Apr 09 2025 03:00:00 GMT+0200 (שעון ישראל (חורף)),9.2,6.3,23.6,2.7
פאי אגסים,Wed Apr 09 2025 06:00:00 GMT+0200 (שעון ישראל (חורף)),9.9,5.6,29.5,1.9
חצי פיתה עם חמאת בוטנים,Wed Apr 09 2025 07:00:00 GMT+0200 (שעון ישראל (חורף)),4.7,1.6,27.2,3.7
קורנפלקס עם חלב סויה,Wed Apr 09 2025 10:00:00 GMT+0200 (שעון ישראל (חורף)),4.6,0.6,9.6,2.2
יוגורט,Wed Apr 09 2025 19:00:00 GMT+0200 (שעון ישראל (חורף)),1.4,9.4,15.4,1.6
קורנפלקס עם חלב סויה,Thu Apr 10 2025 11:00:00 GMT+0200 (שעון ישראל (חורף)),3.4,3.4,16.2,4.3
בננה,Thu Apr 10 2025 17:00:00 GMT+0200 (שעון ישראל (חורף)),6.1,5.4,15.8,2.9
חצי פיתה עם חמאת בוטנים,Thu Apr 10 2025 20:00:00 GMT+0200 (שעון ישראל (חורף)),8.1,6.1,5.8,0.9
בננה,Thu Apr 10 2025 23:00:00 GMT+0200 (שעון ישראל (חורף)),5,0.8,12.3,2
בננה,Fri Apr 11 2025 00:00:00 GMT+0200 (שעון ישראל (חורף)),7.6,1.5,29.9,3.9
קורנפלקס עם חלב סויה,Fri Apr 11 2025 02:00:00 GMT+0200 (שעון ישראל (חורף)),7.3,5.7,22.9,0.5
קפה,Fri Apr 11 2025 03:00:00 GMT+0200 (שעון ישראל (חורף)),5.7,1.1,15.8,2.4
חביתה עם ירק,Fri Apr 11 2025 14:00:00 GMT+0200 (שעון ישראל (חורף)),1.8,3.4,21.1,1.8
בננה,Fri Apr 11 2025 15:00:00 GMT+0200 (שעון ישראל (חורף)),8,4.4,15.8,4.3
קורנפלקס עם חלב סויה,Fri Apr 11 2025 18:00:00 GMT+0200 (שעון ישראל (חורף)),3.4,9.9,8.4,2
בננה,Fri Apr 11 2025 23:00:00 GMT+0200 (שעון ישראל (חורף)),2.6,9.9,13.1,4
קפה,Sat Apr 12 2025 00:00:00 GMT+0200 (שעון ישראל (חורף)),2.9,8.9,14.4,4.3
יוגורט,Sat Apr 12 2025 01:00:00 GMT+0200 (שעון ישראל (חורף)),8.8,7.7,23.2,4.7
פלפל ומלפפון,Sat Apr 12 2025 04:00:00 GMT+0200 (שעון ישראל (חורף)),2.1,5.2,27.4,4
חביתה עם ירק,Sat Apr 12 2025 06:00:00 GMT+0200 (שעון ישראל (חורף)),9.2,6.7,9.6,1.4
מעדן סויה אפרסק,Sat Apr 12 2025 10:00:00 GMT+0200 (שעון ישראל (חורף)),9.8,2.3,24.2,3.8
בננה,Sat Apr 12 2025 11:00:00 GMT+0200 (שעון ישראל (חורף)),4.5,3.9,20.7,1.1
קפה,Sat Apr 12 2025 15:00:00 GMT+0200 (שעון ישראל (חורף)),8.2,4.5,27.2,4.8
בננה,Sat Apr 12 2025 16:00:00 GMT+0200 (שעון ישראל (חורף)),2.6,5.8,21.5,2.4
יוגורט,Sat Apr 12 2025 17:00:00 GMT+0200 (שעון ישראל (חורף)),7.7,1.5,8.7,4.3
חצי פיתה עם חמאת בוטנים,Sat Apr 12 2025 20:00:00 GMT+0200 (שעון ישראל (חורף)),2.9,7.8,6.5,4.1
חצי פיתה עם חמאת בוטנים,Sun Apr 13 2025 09:00:00 GMT+0200 (שעון ישראל (חורף)),2.1,2.3,6.1,3
יוגורט,Sun Apr 13 2025 11:00:00 GMT+0200 (שעון ישראל (חורף)),1.4,1.8,20.6,1.6
פלפל ומלפפון,Sun Apr 13 2025 13:00:00 GMT+0200 (שעון ישראל (חורף)),3.3,4.8,20.5,3.1
מעדן סויה אפרסק,Sun Apr 13 2025 21:00:00 GMT+0200 (שעון ישראל (חורף)),5.7,0.7,12.2,3.7
חביתה עם ירק,Mon Apr 14 2025 01:00:00 GMT+0200 (שעון ישראל (חורף)),2.4,1.8,12.8,3.1
פלפל ומלפפון,Mon Apr 14 2025 02:00:00 GMT+0200 (שעון ישראל (חורף)),2.8,3.7,26.4,2.9
בננה,Mon Apr 14 2025 03:00:00 GMT+0200 (שעון ישראל (חורף)),9.9,8.2,22.3,2.3
שקדים טבעיים,Mon Apr 14 2025 07:00:00 GMT+0200 (שעון ישראל (חורף)),5.4,3.6,22,1.4
מעדן סויה אפרסק,Mon Apr 14 2025 10:00:00 GMT+0200 (שעון ישראל (חורף)),7.1,0.8,6.5,2.5
מעדן סויה אפרסק,Mon Apr 14 2025 18:00:00 GMT+0200 (שעון ישראל (חורף)),4.9,5.4,21.2,3.9
חביתה עם ירק,Tue Apr 15 2025 02:00:00 GMT+0200 (שעון ישראל (חורף)),3.2,5.6,19.9,4
בננה,Tue Apr 15 2025 06:00:00 GMT+0200 (שעון ישראל (חורף)),9.6,5.2,19.1,2.4
פאי אגסים,Tue Apr 15 2025 14:00:00 GMT+0200 (שעון ישראל (חורף)),9.6,1.4,17.9,0.8
יוגורט,Tue Apr 15 2025 15:00:00 GMT+0200 (שעון ישראל (חורף)),3.3,3.6,16,2.3
פאי אגסים,Tue Apr 15 2025 16:00:00 GMT+0200 (שעון ישראל (חורף)),8.5,7.2,13,2.5
חביתה עם ירק,Tue Apr 15 2025 19:00:00 GMT+0200 (שעון ישראל (חורף)),5.6,8.6,18.3,2.9
חביתה עם ירק,Tue Apr 15 2025 23:00:00 GMT+0200 (שעון ישראל (חורף)),1.4,6.6,22.9,1.9
שקדים טבעיים,Wed Apr 16 2025 04:00:00 GMT+0200 (שעון ישראל (חורף)),6.9,4.1,12.6,3.6
קורנפלקס עם חלב סויה,Wed Apr 16 2025 07:00:00 GMT+0200 (שעון ישראל (חורף)),4.2,3.3,24.7,4.3
חצי פיתה עם חמאת בוטנים,Wed Apr 16 2025 08:00:00 GMT+0200 (שעון ישראל (חורף)),5,9.6,24.6,1.5
חצי פיתה עם חמאת בוטנים,Wed Apr 16 2025 13:00:00 GMT+0200 (שעון ישראל (חורף)),1.1,5.6,18.5,2.2
חביתה עם ירק,Wed Apr 16 2025 14:00:00 GMT+0200 (שעון ישראל (חורף)),7.2,4.2,25.7,3.8
שקדים טבעיים,Wed Apr 16 2025 17:00:00 GMT+0200 (שעון ישראל (חורף)),7.5,1.5,19,3.2
מעדן סויה אפרסק,Wed Apr 16 2025 19:00:00 GMT+0200 (שעון ישראל (חורף)),8.4,7.5,18.9,4.5
יוגורט,Thu Apr 17 2025 07:00:00 GMT+0200 (שעון ישראל (חורף)),3.5,2.7,22.1,1.2
יוגורט,Thu Apr 17 2025 09:00:00 GMT+0200 (שעון ישראל (חורף)),9,0.8,17.9,3.3
פלפל ומלפפון,Fri Apr 18 2025 02:00:00 GMT+0200 (שעון ישראל (חורף)),3.3,4.6,9.9,1.8
יוגורט,Fri Apr 18 2025 15:00:00 GMT+0200 (שעון ישראל (חורף)),5.9,2.7,25.9,3
פאי אגסים,Fri Apr 18 2025 16:00:00 GMT+0200 (שעון ישראל (חורף)),3.5,5.7,27.7,2.9
פאי אגסים,Fri Apr 18 2025 17:00:00 GMT+0200 (שעון ישראל (חורף)),3.9,7.8,6.6,2.6
יוגורט,Fri Apr 18 2025 18:00:00 GMT+0200 (שעון ישראל (חורף)),3.1,4.8,10.1,2.6
שקדים טבעיים,Fri Apr 18 2025 19:00:00 GMT+0200 (שעון ישראל (חורף)),5.2,8.9,27.8,3.8
חצי פיתה עם חמאת בוטנים,Fri Apr 18 2025 22:00:00 GMT+0200 (שעון ישראל (חורף)),2.8,6.4,21.5,2.7
קפה,Sat Apr 19 2025 00:00:00 GMT+0200 (שעון ישראל (חורף)),9.7,5.9,25.9,2.5
קורנפלקס עם חלב סויה,Sat Apr 19 2025 01:00:00 GMT+0200 (שעון ישראל (חורף)),3.9,8.4,22.2,4.9
קפה,Sat Apr 19 2025 02:00:00 GMT+0200 (שעון ישראל (חורף)),5.2,2.3,25.2,1.2
פלפל ומלפפון,Sat Apr 19 2025 10:00:00 GMT+0200 (שעון ישראל (חורף)),9.9,5.4,29.8,3.2
קורנפלקס עם חלב סויה,Sat Apr 19 2025 13:00:00 GMT+0200 (שעון ישראל (חורף)),2.6,6.5,25.6,2.2
קפה,Sat Apr 19 2025 16:00:00 GMT+0200 (שעון ישראל (חורף)),4,1.7,21.8,3.4
מעדן סויה אפרסק,Sat Apr 19 2025 18:00:00 GMT+0200 (שעון ישראל (חורף)),5.3,2.6,19.4,4.9
מעדן סויה אפרסק,Sat Apr 19 2025 19:00:00 GMT+0200 (שעון ישראל (חורף)),7.9,3.6,17.3,2.9
קורנפלקס עם חלב סויה,Sun Apr 20 2025 01:00:00 GMT+0200 (שעון ישראל (חורף)),7.2,4.5,15.8,2
קפה,Sun Apr 20 2025 04:00:00 GMT+0200 (שעון ישראל (חורף)),1.1,0.5,8.4,3.8
קפה,Sun Apr 20 2025 05:00:00 GMT+0200 (שעון ישראל (חורף)),6.6,8.2,15.3,2.7
קורנפלקס עם חלב סויה,Sun Apr 20 2025 10:00:00 GMT+0200 (שעון ישראל (חורף)),1.3,0.8,17,2.9
פלפל ומלפפון,Sun Apr 20 2025 12:00:00 GMT+0200 (שעון ישראל (חורף)),3.6,9.4,19,2
שקדים טבעיים,Mon Apr 21 2025 01:00:00 GMT+0200 (שעון ישראל (חורף)),4.8,5.4,17.7,0.9
חצי פיתה עם חמאת בוטנים,Mon Apr 21 2025 04:00:00 GMT+0200 (שעון ישראל (חורף)),5.6,4.3,12.6,3.6
פלפל ומלפפון,Mon Apr 21 2025 06:00:00 GMT+0200 (שעון ישראל (חורף)),4,9.6,28.1,0.9
חביתה עם ירק,Mon Apr 21 2025 07:00:00 GMT+0200 (שעון ישראל (חורף)),4.7,6.8,23.4,3.7
בננה,Mon Apr 21 2025 11:00:00 GMT+0200 (שעון ישראל (חורף)),7.2,7.9,14.3,4.9
שקדים טבעיים,Mon Apr 21 2025 13:00:00 GMT+0200 (שעון ישראל (חורף)),7.9,1.8,6.7,0.7
חביתה עם ירק,Mon Apr 21 2025 18:00:00 GMT+0200 (שעון ישראל (חורף)),2.5,5.9,8.8,2.5
מעדן סויה אפרסק,Mon Apr 21 2025 19:00:00 GMT+0200 (שעון ישראל (חורף)),4.5,7.5,18.1,3.2
קפה,Tue Apr 22 2025 07:00:00 GMT+0200 (שעון ישראל (חורף)),1.9,6.1,18.6,3.2
שקדים טבעיים,Tue Apr 22 2025 10:00:00 GMT+0200 (שעון ישראל (חורף)),6.6,8.8,9.9,1.5
מעדן סויה אפרסק,Tue Apr 22 2025 11:00:00 GMT+0200 (שעון ישראל (חורף)),1.7,7.4,12.4,1.6
חביתה עם ירק,Tue Apr 22 2025 12:00:00 GMT+0200 (שעון ישראל (חורף)),6.4,1.4,5.9,1.3
פאי אגסים,Tue Apr 22 2025 14:00:00 GMT+0200 (שעון ישראל (חורף)),8.3,4.3,16.8,1.8
חביתה עם ירק,Tue Apr 22 2025 16:00:00 GMT+0200 (שעון ישראל (חורף)),5.8,4.5,12,1.7
מעדן סויה אפרסק,Tue Apr 22 2025 19:00:00 GMT+0200 (שעון ישראל (חורף)),5.2,7,30,3.4
קורנפלקס עם חלב סויה,Wed Apr 23 2025 00:00:00 GMT+0200 (שעון ישראל (חורף)),2.5,6.7,20.2,3.3
פלפל ומלפפון,Wed Apr 23 2025 04:00:00 GMT+0200 (שעון ישראל (חורף)),5.5,6.1,13.7,0.9
בננה,Wed Apr 23 2025 05:00:00 GMT+0200 (שעון ישראל (חורף)),9,4.6,13.6,2
חצי פיתה עם חמאת בוטנים,Wed Apr 23 2025 11:00:00 GMT+0200 (שעון ישראל (חורף)),6.7,1.1,8.7,2.3
פאי אגסים,Wed Apr 23 2025 15:00:00 GMT+0200 (שעון ישראל (חורף)),4.8,5.7,24.3,3
שקדים טבעיים,Wed Apr 23 2025 20:00:00 GMT+0200 (שעון ישראל (חורף)),1.2,2.6,9.5,4.1
שקדים טבעיים,Wed Apr 23 2025 23:00:00 GMT+0200 (שעון ישראל (חורף)),1.7,2.4,13.7,2
מעדן סויה אפרסק,Thu Apr 24 2025 02:00:00 GMT+0200 (שעון ישראל (חורף)),3,2.7,12.4,2.3
יוגורט,Thu Apr 24 2025 04:00:00 GMT+0200 (שעון ישראל (חורף)),6,4.5,14,3.1
קפה,Thu Apr 24 2025 11:00:00 GMT+0200 (שעון ישראל (חורף)),9.9,4.9,11.4,4.3
קורנפלקס עם חלב סויה,Thu Apr 24 2025 13:00:00 GMT+0200 (שעון ישראל (חורף)),2.2,9,9.7,2.9
חביתה עם ירק,Thu Apr 24 2025 18:00:00 GMT+0200 (שעון ישראל (חורף)),6.7,3.7,26.8,4.4
חביתה עם ירק,Fri Apr 25 2025 02:00:00 GMT+0200 (שעון ישראל (חורף)),7.2,5.3,23.4,4.9
יוגורט,Fri Apr 25 2025 06:00:00 GMT+0200 (שעון ישראל (חורף)),7.6,8,5,1.3
יוגורט,Fri Apr 25 2025 08:00:00 GMT+0200 (שעון ישראל (חורף)),2.6,9.2,20.7,3.8
בננה,Fri Apr 25 2025 12:00:00 GMT+0200 (שעון ישראל (חורף)),6.1,3,29.7,4.3
יוגורט,Sat Apr 26 2025 02:00:00 GMT+0200 (שעון ישראל (חורף)),2.8,4.1,9.2,4.7
מעדן סויה אפרסק,Sat Apr 26 2025 05:00:00 GMT+0200 (שעון ישראל (חורף)),3.3,5.4,16.2,2.5
חצי פיתה עם חמאת בוטנים,Sat Apr 26 2025 20:00:00 GMT+0200 (שעון ישראל (חורף)),3.9,8.4,18.5,4.4
קורנפלקס עם חלב סויה,Sun Apr 27 2025 00:00:00 GMT+0200 (שעון ישראל (חורף)),3.8,0.7,19.9,0.6
קפה,Sun Apr 27 2025 01:00:00 GMT+0200 (שעון ישראל (חורף)),9.5,4.9,7,1.8
יוגורט,Sun Apr 27 2025 02:00:00 GMT+0200 (שעון ישראל (חורף)),6.7,4.9,23.6,0.8
בננה,Sun Apr 27 2025 05:00:00 GMT+0200 (שעון ישראל (חורף)),3.2,1.7,18.2,4.3
פאי אגסים,Sun Apr 27 2025 10:00:00 GMT+0200 (שעון ישראל (חורף)),1.3,1.1,13.8,5
קורנפלקס עם חלב סויה,Sun Apr 27 2025 19:00:00 GMT+0200 (שעון ישראל (חורף)),7.8,4.6,18.5,3.1
קורנפלקס עם חלב סויה,Sun Apr 27 2025 21:00:00 GMT+0200 (שעון ישראל (חורף)),4.2,6,10.1,3.7
קורנפלקס עם חלב סויה,Mon Apr 28 2025 01:00:00 GMT+0200 (שעון ישראל (חורף)),4.9,6.7,11.8,3.7
מעדן סויה אפרסק,Mon Apr 28 2025 02:00:00 GMT+0200 (שעון ישראל (חורף)),2.1,9.3,11.5,2.7
קפה,Mon Apr 28 2025 06:00:00 GMT+0200 (שעון ישראל (חורף)),8.3,5.4,24.4,2.5
קורנפלקס עם חלב סויה,Mon Apr 28 2025 10:00:00 GMT+0200 (שעון ישראל (חורף)),8.8,4.7,28.9,1.7
בננה,Mon Apr 28 2025 13:00:00 GMT+0200 (שעון ישראל (חורף)),4.8,0.5,26.9,4.1
קפה,Mon Apr 28 2025 14:00:00 GMT+0200 (שעון ישראל (חורף)),9.4,5.8,18.5,0.8
מעדן סויה אפרסק,Mon Apr 28 2025 19:00:00 GMT+0200 (שעון ישראל (חורף)),5.9,5.1,8.7,1.1
קפה,Mon Apr 28 2025 20:00:00 GMT+0200 (שעון ישראל (חורף)),8.7,2.1,14.2,1.2
בננה,Mon Apr 28 2025 21:00:00 GMT+0200 (שעון ישראל (חורף)),2.9,3.5,8.8,2.8
בננה,Mon Apr 28 2025 23:00:00 GMT+0200 (שעון ישראל (חורף)),5,2.8,17.5,3.3
חביתה עם ירק,Tue Apr 29 2025 03:00:00 GMT+0200 (שעון ישראל (חורף)),5.4,0.5,17.4,2
פלפל ומלפפון,Tue Apr 29 2025 04:00:00 GMT+0200 (שעון ישראל (חורף)),4.8,3.5,25.9,4.4
פלפל ומלפפון,Tue Apr 29 2025 08:00:00 GMT+0200 (שעון ישראל (חורף)),8.7,7.9,27.9,1.3
בננה,Tue Apr 29 2025 11:00:00 GMT+0200 (שעון ישראל (חורף)),9.5,1,22.5,0.7
בננה,Tue Apr 29 2025 13:00:00 GMT+0200 (שעון ישראל (חורף)),9.5,0.5,17.7,4.6
בננה,Tue Apr 29 2025 19:00:00 GMT+0200 (שעון ישראל (חורף)),6.5,0.8,8.9,4.7
קפה,Tue Apr 29 2025 20:00:00 GMT+0200 (שעון ישראל (חורף)),5.7,5.7,16,3.8
פלפל ומלפפון,Wed Apr 30 2025 02:00:00 GMT+0200 (שעון ישראל (חורף)),4.3,0.7,14.2,3
בננה,Wed Apr 30 2025 08:00:00 GMT+0200 (שעון ישראל (חורף)),6.4,1.9,17.1,2.3
קפה,Wed Apr 30 2025 11:00:00 GMT+0200 (שעון ישראל (חורף)),9.1,7.1,28.6,4.5
קפה,Wed Apr 30 2025 13:00:00 GMT+0200 (שעון ישראל (חורף)),1.3,4.2,28.1,1.2
יוגורט,Wed Apr 30 2025 14:00:00 GMT+0200 (שעון ישראל (חורף)),6.5,7,15.3,2.4
פלפל ומלפפון,Wed Apr 30 2025 15:00:00 GMT+0200 (שעון ישראל (חורף)),2.7,6.5,13.6,4.3
בננה,Wed Apr 30 2025 17:00:00 GMT+0200 (שעון ישראל (חורף)),4.6,8.4,9.1,2.6
פלפל ומלפפון,Wed Apr 30 2025 18:00:00 GMT+0200 (שעון ישראל (חורף)),9.2,3,12.2,3.5
יוגורט,Wed Apr 30 2025 21:00:00 GMT+0200 (שעון ישראל (חורף)),3.9,8.3,5.6,4.6
חביתה עם ירק,Thu May 01 2025 01:00:00 GMT+0200 (שעון ישראל (חורף)),1.6,4.1,29.7,1.1
בננה,Thu May 01 2025 03:00:00 GMT+0200 (שעון ישראל (חורף)),9.6,7.8,10.2,1.5
פלפל ומלפפון,Thu May 01 2025 04:00:00 GMT+0200 (שעון ישראל (חורף)),1.6,4.8,20,4.1
פאי אגסים,Thu May 01 2025 09:00:00 GMT+0200 (שעון ישראל (חורף)),3.6,7.2,22.1,1.9
יוגורט,Thu May 01 2025 10:00:00 GMT+0200 (שעון ישראל (חורף)),3.9,1.7,11.4,2.9
יוגורט,Thu May 01 2025 20:00:00 GMT+0200 (שעון ישראל (חורף)),7.2,6.3,19.2,3.8
יוגורט,Thu May 01 2025 22:00:00 GMT+0200 (שעון ישראל (חורף)),9,1.1,22.7,4.7
בננה,Fri May 02 2025 00:00:00 GMT+0200 (שעון ישראל (חורף)),8.8,5.4,20.1,1.1
קורנפלקס עם חלב סויה,Fri May 02 2025 14:00:00 GMT+0200 (שעון ישראל (חורף)),7.5,5.1,8.2,1.1
פלפל ומלפפון,Fri May 02 2025 15:00:00 GMT+0200 (שעון ישראל (חורף)),2.2,7.7,7.1,2.7
חביתה עם ירק,Fri May 02 2025 21:00:00 GMT+0200 (שעון ישראל (חורף)),2.5,1.9,22.6,2.4
קפה,Sat May 03 2025 05:00:00 GMT+0200 (שעון ישראל (חורף)),4.3,2.8,16.7,4.8
בננה,Sat May 03 2025 09:00:00 GMT+0200 (שעון ישראל (חורף)),5.6,9.2,22.2,2.9
מעדן סויה אפרסק,Sat May 03 2025 10:00:00 GMT+0200 (שעון ישראל (חורף)),7,2.2,26.3,4.8
קפה,Sat May 03 2025 15:00:00 GMT+0200 (שעון ישראל (חורף)),2.8,1.9,7.3,3.7
פאי אגסים,Sat May 03 2025 16:00:00 GMT+0200 (שעון ישראל (חורף)),8.2,5.2,26.2,3.9
פלפל ומלפפון,Sat May 03 2025 18:00:00 GMT+0200 (שעון ישראל (חורף)),3.4,1.5,20.8,4.5
מעדן סויה אפרסק,Sat May 03 2025 21:00:00 GMT+0200 (שעון ישראל (חורף)),5,6.7,28.2,3.4
קורנפלקס עם חלב סויה,Sat May 03 2025 23:00:00 GMT+0200 (שעון ישראל (חורף)),2.3,9.3,14.1,3.7
בננה,Sun May 04 2025 03:00:00 GMT+0200 (שעון ישראל (חורף)),7.2,7.2,26.8,4.4
יוגורט,Sun May 04 2025 06:00:00 GMT+0200 (שעון ישראל (חורף)),6.9,1.3,10.3,3.8
בננה,Sun May 04 2025 11:00:00 GMT+0200 (שעון ישראל (חורף)),7.3,0.8,9.9,2
בננה,Sun May 04 2025 12:00:00 GMT+0200 (שעון ישראל (חורף)),7.5,4.8,14.1,3.7
שקדים טבעיים,Sun May 04 2025 18:00:00 GMT+0200 (שעון ישראל (חורף)),4.9,1,28.8,5
יוגורט,Mon May 05 2025 02:00:00 GMT+0200 (שעון ישראל (חורף)),6.5,0.8,26.3,4.3
חביתה עם ירק,Mon May 05 2025 11:00:00 GMT+0200 (שעון ישראל (חורף)),3.4,9.8,27,0.8
מעדן סויה אפרסק,Mon May 05 2025 15:00:00 GMT+0200 (שעון ישראל (חורף)),4,8.5,25.4,2.6
קפה,Mon May 05 2025 20:00:00 GMT+0200 (שעון ישראל (חורף)),9.3,3.2,5.1,4.9
חצי פיתה עם חמאת בוטנים,Mon May 05 2025 22:00:00 GMT+0200 (שעון ישראל (חורף)),3,2.3,23.3,4.5
מעדן סויה אפרסק,Tue May 06 2025 03:00:00 GMT+0200 (שעון ישראל (חורף)),9,7,13.7,4.1
פאי אגסים,Tue May 06 2025 06:00:00 GMT+0200 (שעון ישראל (חורף)),9.6,3.6,8.4,1.7
בננה,Tue May 06 2025 08:00:00 GMT+0200 (שעון ישראל (חורף)),9,7.7,7.1,1.2
פאי אגסים,Tue May 06 2025 10:00:00 GMT+0200 (שעון ישראל (חורף)),9.1,5.4,27.3,1.3
פלפל ומלפפון,Tue May 06 2025 12:00:00 GMT+0200 (שעון ישראל (חורף)),7.4,7.5,8.5,0.5
חביתה עם ירק,Tue May 06 2025 14:00:00 GMT+0200 (שעון ישראל (חורף)),7.5,2.3,16,2.2
בננה,Tue May 06 2025 20:00:00 GMT+0200 (שעון ישראל (חורף)),8.5,8.4,15.7,2.1
חצי פיתה עם חמאת בוטנים,Tue May 06 2025 22:00:00 GMT+0200 (שעון ישראל (חורף)),9.6,2.1,24.4,2
חצי פיתה עם חמאת בוטנים,Wed May 07 2025 02:00:00 GMT+0200 (שעון ישראל (חורף)),4.8,5.6,9.8,0.5
פלפל ומלפפון,Wed May 07 2025 03:00:00 GMT+0200 (שעון ישראל (חורף)),5.4,4.6,7.7,3.4
בננה,Wed May 07 2025 04:00:00 GMT+0200 (שעון ישראל (חורף)),2.7,9.7,19.3,2.2
פאי אגסים,Wed May 07 2025 07:00:00 GMT+0200 (שעון ישראל (חורף)),9.9,1.2,5.9,1.6
פאי אגסים,Wed May 07 2025 12:00:00 GMT+0200 (שעון ישראל (חורף)),2,8.2,11,1.4
פלפל ומלפפון,Wed May 07 2025 16:00:00 GMT+0200 (שעון ישראל (חורף)),2.8,5.6,8.8,2.6
קורנפלקס עם חלב סויה,Thu May 08 2025 03:00:00 GMT+0200 (שעון ישראל (חורף)),1.2,6.4,15.1,2.1
חצי פיתה עם חמאת בוטנים,Thu May 08 2025 04:00:00 GMT+0200 (שעון ישראל (חורף)),5.9,7.3,7.8,3.4
חביתה עם ירק,Thu May 08 2025 05:00:00 GMT+0200 (שעון ישראל (חורף)),5.1,2.9,27.1,3.1
שקדים טבעיים,Thu May 08 2025 07:00:00 GMT+0200 (שעון ישראל (חורף)),3.8,0.8,9.6,4.2
יוגורט,Thu May 08 2025 10:00:00 GMT+0200 (שעון ישראל (חורף)),3.1,3.1,17.6,4.4
חצי פיתה עם חמאת בוטנים,Thu May 08 2025 14:00:00 GMT+0200 (שעון ישראל (חורף)),5.1,7,16.9,1.9
בננה,Fri May 09 2025 04:00:00 GMT+0200 (שעון ישראל (חורף)),1.9,9,26.6,1.3
בננה,Fri May 09 2025 09:00:00 GMT+0200 (שעון ישראל (חורף)),9.1,3.9,21.3,1
חביתה עם ירק,Fri May 09 2025 10:00:00 GMT+0200 (שעון ישראל (חורף)),5.5,1,8,0.7
שקדים טבעיים,Fri May 09 2025 13:00:00 GMT+0200 (שעון ישראל (חורף)),9.9,1.4,30,2
חצי פיתה עם חמאת בוטנים,Fri May 09 2025 17:00:00 GMT+0200 (שעון ישראל (חורף)),4.9,3.6,28.8,1.8
שקדים טבעיים,Fri May 09 2025 22:00:00 GMT+0200 (שעון ישראל (חורף)),8.9,6.9,10.1,0.8
קפה,Sat May 10 2025 02:00:00 GMT+0200 (שעון ישראל (חורף)),3.8,5,22.2,1.1
חצי פיתה עם חמאת בוטנים,Sat May 10 2025 05:00:00 GMT+0200 (שעון ישראל (חורף)),7.5,0.6,27.2,4.3
יוגורט,Sat May 10 2025 06:00:00 GMT+0200 (שעון ישראל (חורף)),8.2,8.7,21.9,0.9
קפה,Sat May 10 2025 07:00:00 GMT+0200 (שעון ישראל (חורף)),6.5,3.8,14.2,4.2
קורנפלקס עם חלב סויה,Sat May 10 2025 12:00:00 GMT+0200 (שעון ישראל (חורף)),9,5.1,22.2,1.9
קפה,Sat May 10 2025 14:00:00 GMT+0200 (שעון ישראל (חורף)),5.5,5.4,25.7,1.6
מעדן סויה אפרסק,Sat May 10 2025 23:00:00 GMT+0200 (שעון ישראל (חורף)),8.2,6.2,26.3,5
פאי אגסים,Sun May 11 2025 00:00:00 GMT+0200 (שעון ישראל (חורף)),3.9,4.6,20.2,1.6
בננה,Sun May 11 2025 04:00:00 GMT+0200 (שעון ישראל (חורף)),6.2,5.7,23.1,4.2
חביתה עם ירק,Sun May 11 2025 09:00:00 GMT+0200 (שעון ישראל (חורף)),8.9,5.3,24.2,4
בננה,Sun May 11 2025 10:00:00 GMT+0200 (שעון ישראל (חורף)),7.6,9.8,21.1,2.3
מעדן סויה אפרסק,Sun May 11 2025 11:00:00 GMT+0200 (שעון ישראל (חורף)),2,8.4,24.8,1.6
קורנפלקס עם חלב סויה,Sun May 11 2025 14:00:00 GMT+0200 (שעון ישראל (חורף)),9.9,2.2,11.9,4.4
קורנפלקס עם חלב סויה,Mon May 12 2025 02:00:00 GMT+0200 (שעון ישראל (חורף)),5.6,6.5,10.5,2.2
בננה,Mon May 12 2025 16:00:00 GMT+0200 (שעון ישראל (חורף)),5.5,4.6,6.5,4.4
פלפל ומלפפון,Mon May 12 2025 17:00:00 GMT+0200 (שעון ישראל (חורף)),7.4,6.4,23,1.4
חביתה עם ירק,Mon May 12 2025 20:00:00 GMT+0200 (שעון ישראל (חורף)),1.4,4.1,25,3.3
חצי פיתה עם חמאת בוטנים,Tue May 13 2025 03:00:00 GMT+0200 (שעון ישראל (חורף)),7.6,8.2,22.3,4.2
חצי פיתה עם חמאת בוטנים,Tue May 13 2025 04:00:00 GMT+0200 (שעון ישראל (חורף)),6.9,5,27.8,1.3
חצי פיתה עם חמאת בוטנים,Tue May 13 2025 05:00:00 GMT+0200 (שעון ישראל (חורף)),3.1,1.4,20.9,3.2
יוגורט,Tue May 13 2025 12:00:00 GMT+0200 (שעון ישראל (חורף)),3.1,3.2,8.5,2.4
קפה,Tue May 13 2025 22:00:00 GMT+0200 (שעון ישראל (חורף)),4.2,4.2,12.9,1.7
קורנפלקס עם חלב סויה,Wed May 14 2025 00:00:00 GMT+0200 (שעון ישראל (חורף)),7.8,2.6,12,4.5
קפה,Wed May 14 2025 01:00:00 GMT+0200 (שעון ישראל (חורף)),9.8,6.5,21.9,1
יוגורט,Wed May 14 2025 05:00:00 GMT+0200 (שעון ישראל (חורף)),2.3,5.4,16.6,2.5
פאי אגסים,Wed May 14 2025 07:00:00 GMT+0200 (שעון ישראל (חורף)),2,3.5,10.8,1.6
חצי פיתה עם חמאת בוטנים,Wed May 14 2025 10:00:00 GMT+0200 (שעון ישראל (חורף)),4.4,7.2,24.8,0.8
יוגורט,Wed May 14 2025 12:00:00 GMT+0200 (שעון ישראל (חורף)),3,9.5,11.7,3
פאי אגסים,Wed May 14 2025 13:00:00 GMT+0200 (שעון ישראל (חורף)),8.4,5.5,10.8,1.5
יוגורט,Wed May 14 2025 18:00:00 GMT+0200 (שעון ישראל (חורף)),1.7,9.4,8.5,4.9
קפה,Wed May 14 2025 19:00:00 GMT+0200 (שעון ישראל (חורף)),9.3,5.4,24.8,1.5
מעדן סויה אפרסק,Wed May 14 2025 21:00:00 GMT+0200 (שעון ישראל (חורף)),4.9,5.2,27.8,3.9
קפה,Wed May 14 2025 23:00:00 GMT+0200 (שעון ישראל (חורף)),2.8,6.8,24.9,1.2
קורנפלקס עם חלב סויה,Thu May 15 2025 01:00:00 GMT+0200 (שעון ישראל (חורף)),6.6,8.5,5.4,0.8
יוגורט,Thu May 15 2025 03:00:00 GMT+0200 (שעון ישראל (חורף)),1.3,7.5,22.4,2.4
יוגורט,Thu May 15 2025 04:00:00 GMT+0200 (שעון ישראל (חורף)),10,5.6,15.3,4.8
קורנפלקס עם חלב סויה,Thu May 15 2025 14:00:00 GMT+0200 (שעון ישראל (חורף)),4.7,6.5,19.5,1.9
פאי אגסים,Fri May 16 2025 15:00:00 GMT+0200 (שעון ישראל (חורף)),6.9,8.8,5.6,1.4
שקדים טבעיים,Sat May 17 2025 03:00:00 GMT+0200 (שעון ישראל (חורף)),7.5,1.2,26,3
חביתה עם ירק,Sat May 17 2025 07:00:00 GMT+0200 (שעון ישראל (חורף)),8.5,9.8,18.3,3.1
קפה,Sat May 17 2025 08:00:00 GMT+0200 (שעון ישראל (חורף)),8.3,7.4,8.9,2.2
שקדים טבעיים,Sat May 17 2025 20:00:00 GMT+0200 (שעון ישראל (חורף)),4.9,9.9,11,3.7
פאי אגסים,Sat May 17 2025 22:00:00 GMT+0200 (שעון ישראל (חורף)),4.7,2.4,14.5,2.8
פלפל ומלפפון,Sun May 18 2025 00:00:00 GMT+0200 (שעון ישראל (חורף)),2.3,9.8,16.5,1.2
חצי פיתה עם חמאת בוטנים,Sun May 18 2025 03:00:00 GMT+0200 (שעון ישראל (חורף)),1.7,4.3,12.2,3.9
קפה,Sun May 18 2025 05:00:00 GMT+0200 (שעון ישראל (חורף)),3.4,7.7,21.9,2.5
קורנפלקס עם חלב סויה,Sun May 18 2025 22:00:00 GMT+0200 (שעון ישראל (חורף)),5.4,4,23.9,4.8
שקדים טבעיים,Mon May 19 2025 00:00:00 GMT+0200 (שעון ישראל (חורף)),9.9,7.4,12.4,1.3
פלפל ומלפפון,Mon May 19 2025 06:00:00 GMT+0200 (שעון ישראל (חורף)),6.1,2.2,12.3,2.8
שקדים טבעיים,Mon May 19 2025 10:00:00 GMT+0200 (שעון ישראל (חורף)),9,1.4,18.7,2.3
מעדן סויה אפרסק,Mon May 19 2025 15:00:00 GMT+0200 (שעון ישראל (חורף)),9.7,8,25.6,2.8
פלפל ומלפפון,Tue May 20 2025 01:00:00 GMT+0200 (שעון ישראל (חורף)),4,9.5,13.1,0.6
יוגורט,Tue May 20 2025 06:00:00 GMT+0200 (שעון ישראל (חורף)),5,5,27.5,1.5
קורנפלקס עם חלב סויה,Tue May 20 2025 10:00:00 GMT+0200 (שעון ישראל (חורף)),4.8,1.2,16.8,2.3
קפה,Tue May 20 2025 13:00:00 GMT+0200 (שעון ישראל (חורף)),3.2,4.4,22.3,3.1
מעדן סויה אפרסק,Tue May 20 2025 14:00:00 GMT+0200 (שעון ישראל (חורף)),4.8,8,26,1.8
פלפל ומלפפון,Tue May 20 2025 23:00:00 GMT+0200 (שעון ישראל (חורף)),6.4,5.9,17.2,4.4
בננה,Wed May 21 2025 03:00:00 GMT+0200 (שעון ישראל (חורף)),8.7,1.4,25.3,4.5
קורנפלקס עם חלב סויה,Wed May 21 2025 05:00:00 GMT+0200 (שעון ישראל (חורף)),1.9,4,28.6,2.9
פלפל ומלפפון,Wed May 21 2025 08:00:00 GMT+0200 (שעון ישראל (חורף)),3.1,9.3,10.5,2.2
פלפל ומלפפון,Wed May 21 2025 09:00:00 GMT+0200 (שעון ישראל (חורף)),4,1.5,29.7,4.3
שקדים טבעיים,Wed May 21 2025 12:00:00 GMT+0200 (שעון ישראל (חורף)),3.5,4.5,13.6,2.3
קורנפלקס עם חלב סויה,Wed May 21 2025 13:00:00 GMT+0200 (שעון ישראל (חורף)),2.5,0.9,22.8,4.2
קפה,Wed May 21 2025 21:00:00 GMT+0200 (שעון ישראל (חורף)),5.6,8.5,15,4.1
חביתה עם ירק,Thu May 22 2025 00:00:00 GMT+0200 (שעון ישראל (חורף)),7.2,6.4,8.8,4.6
בננה,Thu May 22 2025 03:00:00 GMT+0200 (שעון ישראל (חורף)),5.2,4.6,24.9,4.1
פלפל ומלפפון,Thu May 22 2025 06:00:00 GMT+0200 (שעון ישראל (חורף)),4.1,4.5,19.1,2.7
בננה,Thu May 22 2025 08:00:00 GMT+0200 (שעון ישראל (חורף)),8.8,3,5.8,3.7
מעדן סויה אפרסק,Thu May 22 2025 12:00:00 GMT+0200 (שעון ישראל (חורף)),6.5,1.3,11.3,1.7
פלפל ומלפפון,Thu May 22 2025 18:00:00 GMT+0200 (שעון ישראל (חורף)),2.9,9.6,17.8,2.4
שקדים טבעיים,Fri May 23 2025 01:00:00 GMT+0200 (שעון ישראל (חורף)),2.1,6,13.1,3
חצי פיתה עם חמאת בוטנים,Fri May 23 2025 08:00:00 GMT+0200 (שעון ישראל (חורף)),7.3,8.6,15.3,2.1
בננה,Fri May 23 2025 09:00:00 GMT+0200 (שעון ישראל (חורף)),6.3,9.2,26.6,4.3
קורנפלקס עם חלב סויה,Fri May 23 2025 11:00:00 GMT+0200 (שעון ישראל (חורף)),9.9,1.2,11.4,3.7
קפה,Fri May 23 2025 12:00:00 GMT+0200 (שעון ישראל (חורף)),5.7,2.7,16.9,2.5
חצי פיתה עם חמאת בוטנים,Fri May 23 2025 15:00:00 GMT+0200 (שעון ישראל (חורף)),8.2,2.8,13.4,2.2
פלפל ומלפפון,Fri May 23 2025 17:00:00 GMT+0200 (שעון ישראל (חורף)),2.4,8.5,16.2,1.7
פאי אגסים,Fri May 23 2025 19:00:00 GMT+0200 (שעון ישראל (חורף)),1.7,1.7,6.5,4.6
יוגורט,Sat May 24 2025 04:00:00 GMT+0200 (שעון ישראל (חורף)),6.4,2.1,19.2,2
שקדים טבעיים,Sat May 24 2025 06:00:00 GMT+0200 (שעון ישראל (חורף)),6.4,6,11.8,0.9
קפה,Sat May 24 2025 08:00:00 GMT+0200 (שעון ישראל (חורף)),2.4,0.9,6.8,1.2
בננה,Sat May 24 2025 09:00:00 GMT+0200 (שעון ישראל (חורף)),6.6,9.9,17.6,4.6
פאי אגסים,Sat May 24 2025 13:00:00 GMT+0200 (שעון ישראל (חורף)),2.8,6.6,25.1,4.6
מעדן סויה אפרסק,Sat May 24 2025 16:00:00 GMT+0200 (שעון ישראל (חורף)),5.6,8.5,16.9,2.4
יוגורט,Sat May 24 2025 19:00:00 GMT+0200 (שעון ישראל (חורף)),7.9,4.5,28.5,0.7
יוגורט,Sat May 24 2025 20:00:00 GMT+0200 (שעון ישראל (חורף)),3.3,5.8,16.2,4.9
שקדים טבעיים,Sat May 24 2025 21:00:00 GMT+0200 (שעון ישראל (חורף)),8.9,6.8,11.9,0.8
קפה,Sun May 25 2025 02:00:00 GMT+0200 (שעון ישראל (חורף)),3.7,1.8,7.6,3.1
יוגורט,Sun May 25 2025 05:00:00 GMT+0200 (שעון ישראל (חורף)),4.1,1.8,13.5,2.4
חביתה עם ירק,Sun May 25 2025 14:00:00 GMT+0200 (שעון ישראל (חורף)),5.1,2,5.4,1.5
חצי פיתה עם חמאת בוטנים,Sun May 25 2025 16:00:00 GMT+0200 (שעון ישראל (חורף)),9.4,6.6,19.3,4.9
שקדים טבעיים,Sun May 25 2025 19:00:00 GMT+0200 (שעון ישראל (חורף)),3.1,1.6,24.3,4.6
בננה,Sun May 25 2025 22:00:00 GMT+0200 (שעון ישראל (חורף)),5.4,2.4,18.7,3.3
פאי אגסים,Mon May 26 2025 00:00:00 GMT+0200 (שעון ישראל (חורף)),6.1,4.1,21.1,0.5
יוגורט,Mon May 26 2025 02:00:00 GMT+0200 (שעון ישראל (חורף)),9.1,7.6,20.2,2
פלפל ומלפפון,Mon May 26 2025 03:00:00 GMT+0200 (שעון ישראל (חורף)),3.7,6,26,4.9
יוגורט,Mon May 26 2025 06:00:00 GMT+0200 (שעון ישראל (חורף)),7.8,3.4,13.1,4.5
מעדן סויה אפרסק,Mon May 26 2025 09:00:00 GMT+0200 (שעון ישראל (חורף)),1.1,1,7.2,2.6
קפה,Tue May 27 2025 01:00:00 GMT+0200 (שעון ישראל (חורף)),5.5,1,24.2,3.9
חצי פיתה עם חמאת בוטנים,Tue May 27 2025 07:00:00 GMT+0200 (שעון ישראל (חורף)),4.6,5.5,25.2,2.9
חצי פיתה עם חמאת בוטנים,Tue May 27 2025 12:00:00 GMT+0200 (שעון ישראל (חורף)),2,0.8,14.7,2.7
שקדים טבעיים,Tue May 27 2025 13:00:00 GMT+0200 (שעון ישראל (חורף)),4.7,1.6,7.9,2.5
קפה,Wed May 28 2025 06:00:00 GMT+0200 (שעון ישראל (חורף)),4.1,9.4,21.2,3.9
מעדן סויה אפרסק,Wed May 28 2025 12:00:00 GMT+0200 (שעון ישראל (חורף)),3.1,5.5,19.3,2.2
קפה,Wed May 28 2025 14:00:00 GMT+0200 (שעון ישראל (חורף)),3.5,9.9,23.9,3.8
חביתה עם ירק,Wed May 28 2025 15:00:00 GMT+0200 (שעון ישראל (חורף)),3.8,7.1,8.6,1.4
פלפל ומלפפון,Wed May 28 2025 22:00:00 GMT+0200 (שעון ישראל (חורף)),6.4,3.4,26.3,4.3
חצי פיתה עם חמאת בוטנים,Thu May 29 2025 05:00:00 GMT+0200 (שעון ישראל (חורף)),2.6,1.1,17.2,2.3
יוגורט,Thu May 29 2025 07:00:00 GMT+0200 (שעון ישראל (חורף)),6.7,5.2,20.9,4.8
בננה,Thu May 29 2025 10:00:00 GMT+0200 (שעון ישראל (חורף)),9.3,5.3,7.2,4.1
יוגורט,Fri May 30 2025 14:14:00 GMT+0200,35,18.1,29.3,
דג בגריל,Fri May 30 2025 08:11:00 GMT+0200,33.5,15.1,41.9,
פסטה,Fri May 30 2025 16:20:00 GMT+0200,12.2,3.1,33,
חביתה,Fri May 30 2025 11:45:00 GMT+0200,30,8.1,51.3,
חזה עוף,Sat May 31 2025 10:04:00 GMT+0200,15.5,12.9,17,
אורז,Sat May 31 2025 11:05:00 GMT+0200,7.1,14.1,54.3,
מרק עדשים,Sat May 31 2025 07:05:00 GMT+0200,32.1,17.6,34.4,
שניצל,Sat May 31 2025 19:17:00 GMT+0200,29.2,16.2,17.1,
אורז,Sun Jun 01 2025 16:13:00 GMT+0200,31.1,6.7,59.3,
פסטה,Sun Jun 01 2025 13:23:00 GMT+0200,11.4,12.2,59.1,
חביתה,Mon Jun 02 2025 18:29:00 GMT+0200,13.4,19.9,50.7,
סנדוויץ' טונה,Mon Jun 02 2025 18:46:00 GMT+0200,5.1,2.3,46.6,
שניצל,Tue Jun 03 2025 10:20:00 GMT+0200,35.1,7,24.5,
אורז,Tue Jun 03 2025 14:28:00 GMT+0200,33,8.2,39.5,
חביתה,Tue Jun 03 2025 12:52:00 GMT+0200,28.4,12,13.5,
חביתה,Wed Jun 04 2025 14:53:00 GMT+0200,6.9,3.6,40.5,
טוסט,Wed Jun 04 2025 18:09:00 GMT+0200,24.8,10.6,57.9,
פסטה,Wed Jun 04 2025 09:00:00 GMT+0200,16.1,6.4,37.6,
פסטה,Wed Jun 04 2025 07:08:00 GMT+0200,37.2,6.6,53.6,
סלט ירקות,Thu Jun 05 2025 07:31:00 GMT+0200,28.5,3.5,31.9,
שניצל,Thu Jun 05 2025 13:25:00 GMT+0200,23.3,14.9,52.8,
טוסט,Thu Jun 05 2025 14:04:00 GMT+0200,18,19.7,53.9,
סלט ירקות,Fri Jun 06 2025 14:28:00 GMT+0200,33.8,12.7,59,
יוגורט,Fri Jun 06 2025 09:41:00 GMT+0200,6.9,18.2,10,
שניצל,Sat Jun 07 2025 11:18:00 GMT+0200,5.8,16.4,59.8,
יוגורט,Sat Jun 07 2025 13:23:00 GMT+0200,7.1,15.7,41,
סנדוויץ' טונה,Sun Jun 08 2025 10:25:00 GMT+0200,38.4,10,52.6,
סלט ירקות,Sun Jun 08 2025 20:52:00 GMT+0200,7.5,6.2,29.4,
חביתה,Sun Jun 08 2025 14:44:00 GMT+0200,14,5.6,40.4,
סלט ירקות,Sun Jun 08 2025 17:02:00 GMT+0200,18.9,7.4,42.1,
סנדוויץ' טונה,Mon Jun 09 2025 20:04:00 GMT+0200,25.8,8.1,10.6,
פסטה,Mon Jun 09 2025 13:49:00 GMT+0200,12.9,15.8,56.2,
פסטה,Mon Jun 09 2025 13:53:00 GMT+0200,11.2,8,43,
חביתה,Tue Jun 10 2025 11:50:00 GMT+0200,34,11.2,11.2,
פסטה,Tue Jun 10 2025 11:03:00 GMT+0200,13.9,18.6,22.2,
פסטה,Tue Jun 10 2025 13:45:00 GMT+0200,37.7,18.4,33.1,
סלט ירקות,Tue Jun 10 2025 07:52:00 GMT+0200,14.6,10.7,28.1,
יוגורט,Wed Jun 11 2025 08:06:00 GMT+0200,7.4,4.7,38.8,
סנדוויץ' טונה,Wed Jun 11 2025 16:24:00 GMT+0200,33.5,4.9,22.2,
סלט ירקות,Wed Jun 11 2025 08:48:00 GMT+0200,32.7,10,46.2,
אורז,Wed Jun 11 2025 12:21:00 GMT+0200,14.1,10.9,40.7,
אורז,Thu Jun 12 2025 07:03:00 GMT+0200,8.6,4.5,53.3,
אורז,Thu Jun 12 2025 11:00:00 GMT+0200,11.5,14.7,52.4,
אורז,Fri Jun 13 2025 14:55:00 GMT+0200,9.6,9.3,40.6,
אורז,Fri Jun 13 2025 20:17:00 GMT+0200,13.2,4.3,59.1,
שניצל,Fri Jun 13 2025 19:02:00 GMT+0200,27.9,3.9,59.1,
אורז,Sat Jun 14 2025 13:06:00 GMT+0200,31.4,14.3,44.9,
חביתה,Sat Jun 14 2025 19:28:00 GMT+0200,24.8,6.4,56.1,
יוגורט,Sun Jun 15 2025 17:07:00 GMT+0200,35.9,5.6,39,
טוסט,Sun Jun 15 2025 08:16:00 GMT+0200,33.9,17.8,32.6,
חזה עוף,Sun Jun 15 2025 14:12:00 GMT+0200,17.2,2.9,54.7,
חביתה,Sun Jun 15 2025 08:32:00 GMT+0200,15,7.8,59,
סנדוויץ' טונה,Mon Jun 16 2025 16:06:00 GMT+0200,35.2,9.2,47.3,
חזה עוף,Mon Jun 16 2025 20:48:00 GMT+0200,14.3,4.4,13.6,
חביתה,Tue Jun 17 2025 07:42:00 GMT+0200,33.4,8,50.7,
קינואה,Tue Jun 17 2025 11:03:00 GMT+0200,39.9,8.3,21.2,
שניצל,Wed Jun 18 2025 10:01:00 GMT+0200,23.5,7.1,12.3,
דג בגריל,Wed Jun 18 2025 16:24:00 GMT+0200,31.6,11.2,35.8,
יוגורט,Thu Jun 19 2025 18:51:00 GMT+0200,13.8,9,18.7,
חביתה,Thu Jun 19 2025 17:29:00 GMT+0200,32.4,7,11,
פסטה,Fri Jun 20 2025 10:23:00 GMT+0200,34.9,18.6,25.5,
טוסט,Fri Jun 20 2025 10:25:00 GMT+0200,23,13.8,11.5,
פסטה,Fri Jun 20 2025 18:25:00 GMT+0200,28.4,15.9,23.8,
דג בגריל,Sat Jun 21 2025 15:08:00 GMT+0200,13.5,10.8,23.4,
קינואה,Sat Jun 21 2025 13:01:00 GMT+0200,39.2,19.6,45.7,
פסטה,Sat Jun 21 2025 10:40:00 GMT+0200,10.3,15.8,45.3,
סנדוויץ' טונה,Sat Jun 21 2025 10:02:00 GMT+0200,6.8,10.4,27.1,
דג בגריל,Sun Jun 22 2025 19:59:00 GMT+0200,38.7,19,24,
חביתה,Sun Jun 22 2025 14:22:00 GMT+0200,23.6,19.6,26.4,
שניצל,Sun Jun 22 2025 08:49:00 GMT+0200,16.7,4.7,49,
אורז,Sun Jun 22 2025 16:36:00 GMT+0200,29.9,13.4,31,
יוגורט,Mon Jun 23 2025 15:48:00 GMT+0200,36,2.8,23.3,
שניצל,Mon Jun 23 2025 09:30:00 GMT+0200,22.7,9.3,41.7,
חביתה,Mon Jun 23 2025 07:35:00 GMT+0200,18.6,14,35.2,
חזה עוף,Tue Jun 24 2025 20:09:00 GMT+0200,13.9,6.3,24.2,
אורז,Tue Jun 24 2025 10:27:00 GMT+0200,15.7,19.1,39.9,
אורז,Wed Jun 25 2025 07:58:00 GMT+0200,15.1,11.2,40.1,
סנדוויץ' טונה,Wed Jun 25 2025 15:29:00 GMT+0200,34.7,15.2,13.5,
מרק עדשים,Thu Jun 26 2025 18:01:00 GMT+0200,15,2.2,52.5,
קינואה,Thu Jun 26 2025 15:27:00 GMT+0200,15.8,15.2,47,
טוסט,Thu Jun 26 2025 15:25:00 GMT+0200,12.5,15,48.8,
חזה עוף,Thu Jun 26 2025 15:13:00 GMT+0200,34.1,17.6,21.5,
יוגורט,Fri Jun 27 2025 17:43:00 GMT+0200,14,13.9,19.5,
דג בגריל,Fri Jun 27 2025 18:05:00 GMT+0200,22.6,6.2,24.4,
יוגורט,Sat Jun 28 2025 14:14:00 GMT+0200,25.1,6.2,37.3,
טוסט,Sat Jun 28 2025 18:13:00 GMT+0200,23.7,4.5,18.5,
טוסט,Sat Jun 28 2025 09:34:00 GMT+0200,21.3,19.2,58.8,
חביתה,Sat Jun 28 2025 09:57:00 GMT+0200,16.5,18.4,27.5,
סנדוויץ' טונה,Sun Jun 29 2025 15:03:00 GMT+0200,26.1,17.2,15.9,
טוסט,Sun Jun 29 2025 20:17:00 GMT+0200,14.9,17.3,10,
דג בגריל,Sun Jun 29 2025 12:02:00 GMT+0200,36.5,2.6,26.5,
שניצל,Sun Jun 29 2025 20:07:00 GMT+0200,24,5.4,49.9,
